bait_accession,prey_accession,confidence_1,abundance_1,confidence_3,abundance_3,confidence_10,abundance_10,confidence_30,abundance_30
P41143,Q6ZSR9,0.043,2.596,0.041,4.365,0.008,3.303,0.014,1.952
P41143,Q2M2I8,0.006,4.63,0,4.537,0.001,5.09,0.001,5.083
P41143,Q9Y312,0,2.727,0,2.283,0,2.866,0,2.516
P41143,P49588,0,21.855,0,34.4,0,46.503,0,47.539
P41143,Q9NRN7,0.171,7.731,0.085,5.608,0.056,4.817,0.002,4.663
P41143,Q86UQ4,0.333,8.928,0.333,5.693,0.333,3.518,0.333,2.983
P41143,P28288,0.002,4.858,0.042,2.621,0,4.382,0.001,4.261
P41143,P61221,0,5.88,0,5.103,0.001,7.823,0,7.348
P41143,Q8NE71,0,3.963,0,6.232,0,4.499,0,3.925
P41143,Q9UG63,0,2.567,0,2.651,0,2.361,0,2.572
P41143,Q8IZP0,0,2.355,0,3.283,0,2.495,0,2.353
P41143,Q9NYB9,0,2.614,0.002,1.901,0,1.894,0,1.945
P41143,P42684,0,2.895,0,1.722,0,1.816,0,2.069
P41143,O14639,0.004,3.056,0.002,3.03,0,2.281,0.001,2.752
P41143,Q13085,0,1494091.272,0,5477706.331,0,92257943.73,0,34013556.4
P41143,P24752,0.043,2.768,0.122,2.97,0.016,3.711,0.004,2.084
P41143,Q9BWD1,0,1.239,0,0.716,0.005,2.719,0.002,2.161
P41143,Q9H3P7,0.012,5.122,0.016,4.918,0.019,4.407,0.316,7.041
P41143,P53396,0,7248.899,0,15355.329,0,21856.602,0,20397.583
P41143,O00154,0,1.938,0,2.126,0,4.362,0,2.485
P41143,Q9Y305,0,3.597,0,3.558,0.002,4.146,0.051,4.456
P41143,P24666,0.006,3.773,0.001,3.405,0,3.125,0,2.797
P41143,O95573,0.038,4.32,0.014,2.007,0.003,3.435,0.004,3.683
P41143,P60709,0,60.233,0,11.323,0,39.439,0,8.791
P41143,Q562R1,0.336,132.812,0.284,45.894,0.128,119.881,0.076,64.87
P41143,P63261,0.201,51.187,0.009,3.722,0.01,3.383,0.061,12.425
P41143,P12814,0,299.607,0,615.269,0,130.178,0,52.289
P41143,O43707,0,1984670.01,0,15841507.99,0,1292002.958,0,99970.625
P41143,P61163,0,4.14,0,6.1,0,5.016,0,8.693
P41143,P61160,0,2.37,0,2.847,0,3.215,0,3.264
P41143,P61158,0,3.057,0.001,3.421,0,2.999,0,2.952
P41143,Q13444,0,1.766,0,1.673,0,1.669,0,2.694
P41143,P78536,0,3.215,0,0.895,0,0,0,0.987
P41143,Q13443,0.001,3.863,0.001,4.283,0.002,4.979,0.002,5.184
P41143,P55265,0,4.155,0,3.618,0,2.946,0.001,3.555
P41143,P35611,0,3.74,0,3.91,0,2.943,0,3.336
P41143,Q9UEY8,0,0,0,0,0,0,0,0
P41143,Q9H2P0,0,1.026,0,2.11,0,2.474,0,1.736
P41143,P07550,0,0,0,0,0,0,0,0
P41143,Q16186,0,4.238,0,4.444,0,4.58,0,4.762
P41143,P30566,0,4.548,0,4.31,0,3.694,0.001,4.682
P41143,P30520,0,6.52,0,7.181,0,6.588,0,6.308
P41143,Q8IUX7,0.002,1.412,0.014,1.713,0.33,3.856,0.219,2.44
P41143,Q6ULP2,0.14,13.012,0.115,11.705,0.259,92.291,0.069,11.161
P41143,Q9UPQ3,0,4.312,0,1.53,0,3.064,0,1.861
P41143,Q96P47,0,3.063,0,2.987,0,3.021,0,2.966
P41143,P52594,0.978,8.869,0.995,9.596,0.333,6.445,0.031,5.049
P41143,P35573,0.097,4.09,0.055,1.486,0,1.885,0,1.658
P41143,O00468,0,0,0,0,0,0,0.002,3.247
P41143,Q9UPW5,0,3.58,0,2.577,0,0,0,3.828
P41143,Q6RW13,0.521,6.266,0.471,4.09,0.005,2.661,0.035,5.077
P41143,P23526,0,107.295,0,244.929,0,224.442,0,317.091
P41143,Q09666,0,240.147,0,418.961,0,144.575,0,93.948
P41143,O95433,0.063,3.273,0.062,5.194,0.012,1.986,0.021,1.296
P41143,Q12904,0,6.447,0,8.057,0,8.082,0,7.322
P41143,Q13155,0,5.582,0,5.344,0,8.653,0,5.616
P41143,O00170,0,2.547,0,2.394,0,2.049,0,2.249
P41143,Q92667,0,3.328,0,3.035,0,2.84,0,3.138
P41143,Q9UKA4,0,3.253,0,3.353,0,2.843,0,3.292
P41143,Q02952,0,7.106,0,10.157,0,7.277,0,4.501
P41143,Q12802,0,2.409,0,2.189,0,2.417,0,2.459
P41143,Q02040,0.002,3.485,0.007,2.17,0,3.51,0,3.806
P41143,Q9Y2D5,0,1.22,0,1.408,0,2.691,0,3.122
P41143,O43823,0,2.167,0,2.301,0,2.549,0,4.395
P41143,Q9ULX6,0,2.746,0,2.449,0,1.192,0,2.902
P41143,Q99996,0.33,5.682,0.282,3.767,0.094,2.357,0.033,1.893
P41143,Q8IZ83,0,2.017,0,1.299,0.001,2.427,0,1.332
P41143,P54886,0,4.421,0,4.491,0,6.412,0,4.994
P41143,P04075,0,310.411,0,718.234,0,890.01,0,1144.268
P41143,P09972,0.059,4.697,0.018,3.459,0.008,3.323,0,3.261
P41143,Q5JTC6,0.333,7.986,0.333,5.109,0.179,3.319,0,2.597
P41143,Q01433,0.05,3.22,0.03,5.12,0.001,4.252,0.002,2.313
P41143,Q9H1A4,0,1.744,0,3.557,0.001,2.08,0.001,3.964
P41143,Q9UJX3,0,1.592,0,3.704,0,1.099,0,2.169
P41143,Q12955,0,1.661,0,2.753,0,2.778,0,1.886
P41143,Q9P2R3,0.037,4.707,0.129,5.694,0.115,6.767,0.029,4.98
P41143,Q8IWZ3,0,3.863,0,4.747,0,4.055,0,2.917
P41143,Q86XL3,0.029,2.655,0.258,4.288,0.001,2.953,0.299,3.072
P41143,O75179,0,2.996,0,2.925,0,2.878,0,3.208
P41143,O15084,0,3.702,0,3.117,0,2.933,0,2.874
P41143,Q92625,0,2.308,0,1.996,0,1.664,0,1.854
P41143,Q9NQW6,0,3.238,0,3.231,0,2.301,0,3.224
P41143,P04083,0,5.507,0,6.176,0,4.858,0,4.799
P41143,P50995,0,17.525,0,24.858,0,38.151,0,25.232
P41143,P07355,0,1.645,0,1.875,0,1.954,0,1.424
P41143,P08133,0.074,8.53,0.052,6.993,0.043,6.194,0.035,5.752
P41143,P20073,0,12.169,0,15.213,0,35.428,0,42.191
P41143,Q10567,0.01,4.558,0.022,4.258,0.001,3.721,0.004,3.923
P41143,O43747,0.006,4.334,0.006,5.677,0.05,6.608,0.088,8.807
P41143,Q9BXS5,0.016,1.736,0.012,3.296,0.019,4.262,0.008,3.592
P41143,P56377,0.022,7.112,0.001,3.352,0.001,5.667,0,3.066
P41143,O95782,0.104,6.399,0.139,7.965,0.051,6.048,0.097,8.052
P41143,O94973,0.003,2.066,0.256,4.681,0.015,3.189,0.288,3.725
P41143,P63010,0.003,6.798,0.003,6.289,0,4.005,0,3.248
P41143,Q96CW1,0,5.218,0.003,6.37,0,4.269,0,3.691
P41143,O00203,0,3.036,0,3.391,0,4.47,0,4.378
P41143,O14617,0,2.624,0,3.379,0,5.627,0,7.392
P41143,Q9Y2T2,0,2.848,0,1.583,0.004,4.234,0.013,4.194
P41143,O00213,0.001,3.908,0.016,7.204,0,6.561,0,5.991
P41143,P25054,0,2.253,0,2.181,0,2.344,0,2.277
P41143,Q96GX9,0,3.668,0,2.069,0.004,4.229,0.066,4.709
P41143,Q06481,0.005,5.757,0.05,4.415,0.044,3.422,0.012,2.888
P41143,Q9NRW3,0.012,3.889,0.011,2.145,0.017,4.094,0.05,4.665
P41143,O95236,0,3.21,0,2.117,0,3.944,0,2.465
P41143,P05067,0.001,8.749,0.263,11.052,0.286,8.25,0.09,6.391
P41143,Q9UKG1,0.448,6.279,0.655,5.458,0.792,7.82,0.018,3.493
P41143,P07741,0,0,0,0,0,2.847,0,0
P41143,P18085,0.028,4.709,0.008,3.195,0.015,3.931,0.024,4.565
P41143,P84085,0,2.472,0,2.546,0,2.695,0,2.918
P41143,Q8N6T3,0,2.497,0,2.943,0,3.007,0,3.67
P41143,Q9NP61,0.084,6.042,0.018,2.289,0.014,4.433,0.024,4.53
P41143,Q9Y6D6,0,1.638,0,1.641,0,3.417,0.023,3.639
P41143,Q9NWB6,0,2.951,0,2.536,0,2.248,0,1.89
P41143,Q5T5U3,0,2.033,0,1.694,0,2.102,0,2.267
P41143,Q52LW3,0,2.173,0,2.108,0,2.317,0,2.375
P41143,Q13017,0,2.547,0,2.593,0,2.379,0,2.376
P41143,Q92888,0,1.532,0,3.574,0,1.467,0,1.75
P41143,Q9NZN5,0,3.529,0,3.559,0,2.823,0,2.57
P41143,Q96PE2,0.001,3.044,0.002,3.561,0,2.403,0,2.878
P41143,Q92974,0.017,3.975,0.019,4.13,0.007,3.949,0.018,4.58
P41143,Q14155,0,3.503,0,3.738,0,3.665,0,3.897
P41143,Q9Y4X5,0,3.778,0,3.848,0,4.519,0.005,2.633
P41143,Q66PJ3,0.333,7.544,0.333,7.643,0.333,3.647,0.333,4.631
P41143,O15144,0,2.669,0,1.631,0,3.179,0,1.812
P41143,O15145,0,2.318,0,2.669,0,2.727,0,2.779
P41143,P59998,0.002,3.678,0.001,3.946,0,3.984,0,2.661
P41143,P32121,0.999,13.85,1,15.615,0.999,9.736,0.558,6.978
P41143,Q8N5I2,0,3.544,0,1.279,0,1.615,0,1.792
P41143,O00192,0,2.741,0,3.011,0,1.709,0,1.941
P41143,Q9HBK9,0,3.083,0,1.622,0,3.273,0,1.725
P41143,Q8N9N2,0,2.545,0,2.663,0,2.246,0,1.329
P41143,Q8N3C0,0,6.287,0,7.177,0,7.5,0,6.774
P41143,P08243,0,3.032,0,3.332,0,2.458,0,2.872
P41143,Q8IZT6,0.046,6.537,0.024,5.894,0.007,5.25,0.001,4.826
P41143,O14525,0,8.096,0,7.623,0,10.857,0,7.339
P41143,Q6PL18,0,3.271,0.001,3.18,0.003,3.268,0.007,3.889
P41143,Q9NVI7,0,4.123,0.011,7.984,0.007,8.599,0.025,9.051
P41143,Q96QE3,0,3.76,0,4.12,0,5.003,0,2.041
P41143,P18850,0,1.161,0,1.138,0,2.223,0,1.294
P41143,Q99941,0,1.964,0,0.894,0,0.801,0,1.707
P41143,O75143,0,6.471,0.006,3.662,0.009,36.867,0,0.434
P41143,Q9NT62,0.001,4.495,0.003,2.743,0.038,5.987,0.146,3.499
P41143,Q9Y4P1,0,2.163,0,2.277,0,2.543,0,2.593
P41143,Q7Z3C6,0,3.22,0,3.523,0.002,4.029,0.018,4.277
P41143,P31939,0.333,5.922,0.331,2.754,0.333,4.263,0.151,2.277
P41143,Q13315,0.022,3.669,0.001,3.183,0,1.663,0,1.56
P41143,Q8NB49,0.01,2.611,0.022,3.058,0.092,5.821,0.038,5.657
P41143,Q9HD20,0,3.038,0,3.255,0,3.805,0,3.802
P41143,P05023,0,113.279,0,68.31,0,29.153,0,9.977
P41143,P05026,0,2.103,0,1.991,0,2.128,0,1.844
P41143,P54709,0.049,4.952,0.329,6.023,0,3.434,0.009,4.598
P41143,P16615,0,2.2,0,2.049,0,2.285,0,2.682
P41143,P20020,0,2.108,0,2.204,0,1.609,0,0.854
P41143,P23634,0.005,3.435,0.003,1.828,0.005,2.25,0.002,1.441
P41143,P25705,0,36.736,0.001,39.012,0,38.228,0,56.018
P41143,P06576,0.167,4.806,0.269,4.015,0.303,4.189,0.192,3.58
P41143,P36542,0.018,3.602,0.016,2.977,0.057,3.685,0.003,2.92
P41143,Q93050,0.083,6.248,0.586,6.439,0.481,6.341,0.8,7.972
P41143,P61421,0,0,0,0,0,0,0.323,1.951
P41143,P38606,0,5.527,0.008,9.361,0.44,28.535,0.725,60.977
P41143,P21281,0,3.039,0.017,4.591,0.348,6.959,0.549,9.332
P41143,P36543,0.06,4.068,0.262,7.443,0.996,9.413,0.968,8.227
P41143,O75348,0.276,10.418,0.793,19.485,0.665,8.854,1,20.849
P41143,Q9UI12,0,2.648,0,2.965,0,4.375,0.022,4.938
P41143,O75882,0.011,3.155,0,3.327,0,2.539,0.028,3.105
P41143,Q9UBB4,0,3.373,0,3.85,0,3.654,0.003,4.088
P41143,Q99700,0,2.237,0,2.748,0,2.557,0,2.493
P41143,Q8WWM7,0,6.763,0,8.092,0,7.325,0,14.008
P41143,O14965,0,3.087,0,3.208,0,3.402,0,3.669
P41143,Q9UPN4,0,1.613,0,1.847,0,2.038,0,1.136
P41143,O14867,0,2.546,0,2.297,0,2.632,0,2.096
P41143,O95816,0,5.863,0,6.238,0,6.59,0,6.334
P41143,O95817,0,3.823,0,3.415,0,3.787,0,4.301
P41143,P46379,0.002,3.136,0.004,3.073,0,0.894,0.005,1.911
P41143,Q9UQB8,0,3.207,0,2.865,0,2.775,0,2.228
P41143,Q9UHR4,0,2.415,0,1.863,0,1.848,0,1.531
P41143,P80723,0,4.862,0,5.254,0,5.17,0,4.338
P41143,Q9UIG0,0,3.402,0,3.459,0,2.49,0,2.272
P41143,P51572,0.006,6.141,0.004,7.896,0.02,3.738,0.001,5.104
P41143,P56945,0,3.306,0.001,3.544,0.006,1.785,0,1.763
P41143,P54687,0,4.3,0.002,4.058,0.125,4.908,0.463,5.204
P41143,Q9NYF8,0,2.708,0,2.455,0,2.502,0,2.797
P41143,Q6W2J9,0,2.2,0,1.883,0,1.896,0,2.622
P41143,P11274,0,2.232,0,1.71,0,2.237,0,2.206
P41143,Q14457,0,2.217,0,4.463,0,4.614,0,2.415
P41143,Q9H694,0.328,11.398,0.332,7.393,0.058,4.675,0,3.734
P41143,P55957,0,4.403,0,4.528,0,2.611,0,2.496
P41143,Q9NR09,0,3.263,0,3.419,0,3.685,0,4.056
P41143,P53004,0,0.511,0,0.6,0,1.606,0.023,2.161
P41143,Q9NSY1,0,3.859,0,3.771,0,3.123,0,2.086
P41143,Q8NFC6,0.002,2.288,0.001,2.176,0.002,2.324,0.004,2.581
P41143,Q14137,0,0,0,0,0,0,0,0
P41143,Q12830,0,3.257,0,3.037,0,3.137,0,3.393
P41143,P38398,0,2.958,0,2.765,0,2.8,0,3.126
P41143,Q9NXR7,0,5.271,0,5.697,0.001,5.69,0.003,5.883
P41143,O43683,0,5.796,0,5.157,0,4.674,0,11.293
P41143,O60566,0,2.102,0,2.18,0,2.127,0,2.057
P41143,O43684,0,3.414,0,3.435,0,3.319,0,3.579
P41143,Q7Z3E2,0,3.108,0,3.479,0,3.556,0,3.946
P41143,Q9H8K7,0,1.688,0.012,4.096,0.007,2.454,0.012,4.691
P41143,Q86VG3,0,1.834,0.048,3.319,0.097,1.872,0,0
P41143,Q9Y224,0,2.831,0,2.305,0,2.756,0,3.485
P41143,A2RUB1,0,2.914,0,2.792,0.004,2.826,0.007,1.654
P41143,Q969H8,0,0,0,4.69,0,0,0,0
P41143,Q9Y3I0,0,6.626,0,13.63,0,15.067,0,15.162
P41143,Q86YS7,0,2.528,0,2.566,0,2.542,0,1.278
P41143,Q9H6R7,0,2.026,0,2.09,0,2.552,0,2.649
P41143,Q49AR2,0.326,7.935,0,0,0,0,0,2.494
P41143,A6NDU8,0,1.159,0,0,0,0.715,0,0.718
P41143,Q5T0Z8,0,2.98,0,3.377,0,6.301,0,4.128
P41143,Q9H7E9,0,2.345,0,0.732,0,2.845,0,1.523
P41143,Q9HB71,0.007,6.369,0.081,8.708,0.007,5.129,0.005,5.002
P41143,P27708,0,447.369,0,785.864,0,917.37,0,889.175
P41143,Q9BY67,0,3.55,0.005,3.644,0.003,3.151,0,3.011
P41143,Q86UW7,0,0,0,0,0,0,0,1.721
P41143,Q05682,0,5.109,0,4.805,0,3.402,0,3.088
P41143,P62158,0,4.591,0,4.398,0,3.065,0,2.68
P41143,P27797,0,3.834,0,4.315,0.001,2.323,0,2.913
P41143,O43852,0,3.36,0,3.861,0,1.947,0,1.103
P41143,Q13554,0.035,2.46,0.176,4.115,0.585,3.108,0,1.916
P41143,Q13557,0,2.97,0,2.931,0,2.663,0,2.707
P41143,Q5T5Y3,0.008,3.265,0.013,2.989,0,4.209,0,2.316
P41143,Q08AD1,0,2.608,0,1.638,0,5.074,0,4.976
P41143,Q86VP6,0,3.59,0,4.496,0,3.633,0,4.003
P41143,P27824,0.007,5.329,0.003,4.308,0,4.372,0.013,6.896
P41143,Q01518,0,3.524,0,4.079,0,4.018,0,4.49
P41143,P17655,0,2.364,0,3.376,0,2.655,0,2.864
P41143,P04632,0,3.465,0,1.914,0,3.348,0,3.535
P41143,Q14444,0,8.786,0,13.551,0,20.285,0,20.719
P41143,P52907,0,5.73,0,7.119,0,8.73,0,10.179
P41143,P47755,0,3.084,0,2.477,0,2.627,0.001,3.681
P41143,P47756,0,7.866,0,9.629,0,8.846,0,8.878
P41143,Q86X55,0,5.354,0,7.689,0,9.974,0,9.18
P41143,P49589,0,3.617,0,3.831,0,3.484,0,3.847
P41143,Q8NG31,0.015,2.067,0.019,3.374,0.004,2.994,0,2.723
P41143,O14936,0,2.032,0,1.947,0,1.792,0,1.202
P41143,P42574,0,2.798,0,2.681,0,2.823,0,3.021
P41143,P20810,0,9.24,0,14.272,0,10.21,0,14.649
P41143,P04040,0,4.075,0,4.113,0,4.41,0,4.305
P41143,Q03135,0,2.15,0,2.151,0,2.196,0,2.643
P41143,P22681,0,5.346,0,5.504,0,6.104,0,6.329
P41143,P35520,0.327,3.431,0.331,2.217,0.332,5.676,0.351,5.281
P41143,Q13185,0,0,0,0.827,0,1.799,0,1.115
P41143,Q6P1N0,0,2.906,0.004,4.268,0,3.649,0,2.577
P41143,Q8IX12,0,4.872,0,5.356,0,5.967,0,3.841
P41143,Q96A19,0.333,2.388,0.333,2.969,0.333,3.423,0.333,3.733
P41143,Q96A33,0,1.884,0,2.14,0,2.357,0,2.581
P41143,Q8IVM0,0,3.528,0,3.059,0.003,4.218,0.02,6.49
P41143,Q16204,0,2.419,0,3.288,0,2.951,0,3.072
P41143,Q9H0W5,0,1.326,0,1.594,0,2.081,0,0
P41143,Q3V6T2,0,17.489,0,8.029,0,4.047,0,2.55
P41143,P14635,0,2.403,0.001,3.104,0,3.163,0,3.349
P41143,O60563,0.004,5.071,0.009,5.424,0.006,5.451,0,4.912
P41143,O43303,0,2.325,0,2.726,0,3.329,0,3.52
P41143,P78371,0,15.136,0,11.199,0,14.41,0,11.373
P41143,P49368,0,10.67,0,9.016,0,9.955,0,15.072
P41143,P50991,0.002,5.245,0.006,4.268,0.005,4.178,0.001,4.28
P41143,P48643,0.004,3.768,0,3.318,0,2.741,0.001,3.854
P41143,P40227,0.007,5.635,0.001,3.665,0,3.735,0,3.849
P41143,Q99832,0,2.733,0,2.617,0,3.391,0,2.818
P41143,P50990,0,5.801,0,8.102,0,9.521,0,6.404
P41143,P48509,0.069,5.456,0.025,1.956,0.009,2.802,0.004,1.678
P41143,Q9Y5K6,0,3.237,0,2.721,0,3.303,0,2.375
P41143,P60033,0,2.862,0,4.398,0,3.075,0,1.301
P41143,Q12834,0,2.924,0,3.958,0,3.688,0,3.567
P41143,P30260,0,1.408,0,2.522,0,3.587,0,3.483
P41143,Q16543,0,2.885,0,3.236,0,3.444,0,3.452
P41143,P60953,0.039,4.843,0.03,4.307,0.001,2.796,0,3.331
P41143,Q5VT25,0,2.751,0,2.633,0,2.196,0,2.129
P41143,Q9Y5S2,0,1.045,0,2.112,0,1.168,0,2.08
P41143,Q00587,0,2.721,0,2.771,0,1.844,0,3.008
P41143,P12830,0.028,4.407,0.196,5.517,0,2.455,0,2.434
P41143,P55287,0,2.151,0,1.183,0,0.696,0,1.277
P41143,P19022,0,7.343,0,7.36,0,2.625,0,1.45
P41143,P22223,0.52,4.085,0.378,3.843,0.331,4.4,0.359,5.033
P41143,P06493,0,2.034,0,3.462,0,3.862,0,3.61
P41143,P11802,0,2.042,0,1.829,0,2.439,0,2.44
P41143,Q96SN8,0,1.12,0,1.115,0,0.961,0,1.528
P41143,P50750,0,4.22,0,4.471,0,4.022,0.001,4.079
P41143,Q8N726,0.289,9.514,0,4.273,0.382,8.018,0.108,7.913
P41143,Q9NXV6,0,4.261,0,4.524,0,5.443,0.01,5.948
P41143,Q02224,0,3.43,0,3.666,0,4.075,0,4.134
P41143,P49454,0.164,4.455,0.331,6.949,0.333,3.781,0.667,5.249
P41143,Q9HC77,0,0.818,0,0.999,0,1.153,0,1.301
P41143,Q9NSP4,0,1.483,0,1.559,0,1.607,0,1.476
P41143,Q5SW79,0,4.118,0,4.378,0,4.509,0,4.202
P41143,Q8TEP8,0.185,13.324,0.063,5.761,0.007,7.641,0,2.43
P41143,Q5VT06,0,2.622,0,2.896,0,2.838,0,2.672
P41143,Q53EZ4,0,2.063,0,2.151,0.333,4.86,0,3.237
P41143,Q8IW35,0.002,2.879,0,2.376,0.004,3.398,0.01,1.88
P41143,P23528,0,8.874,0,4.228,0,11.966,0,5.885
P41143,Q14839,0.001,3.095,0,3.42,0.003,4.491,0.039,4.933
P41143,Q8TD26,0.001,2.37,0.002,1.259,0.008,1.205,0.005,1.715
P41143,O14757,0,2.199,0,4.438,0,4.64,0,2.776
P41143,Q8IWX8,0,3.441,0,3.924,0,4.613,0.259,2.928
P41143,Q9H444,0.102,8.488,0.094,7.1,0.07,5.668,0.101,6.406
P41143,Q9UHD1,0.012,6.16,0.016,5.803,0.007,5.087,0.016,6.601
P41143,O15111,0,2.953,0,2.858,0,3.286,0,3.082
P41143,O76071,0.325,1.683,0.014,2.514,0.159,2.146,0,2.187
P41143,Q6FI81,0,3.18,0,2.652,0,3.247,0,4.259
P41143,Q8N5K1,0.176,5.357,0.207,7.221,0,2.343,0,4.011
P41143,O14578,0.146,7.399,0.003,1.795,0.33,5.443,0.333,5.022
P41143,Q8WWK9,0,2.178,0,2.318,0,2.445,0,2.236
P41143,Q07065,0,3.462,0,3.308,0.008,4.074,0,3.533
P41143,Q14008,0,17.475,0,24.132,0,18.68,0,30.927
P41143,P12277,0,2.675,0,3.328,0,2.73,0,2.713
P41143,P06732,0.051,3.163,0,0,0.009,1.142,0.012,1.124
P41143,Q7Z460,0.043,6.636,0.057,6.901,0.078,6.435,0.009,3.209
P41143,O75122,0,2.519,0,2.896,0,3.037,0,3.166
P41143,Q96S66,0,5.366,0.009,6.138,0.787,9.238,0.991,13.344
P41143,O00299,0,2.478,0,2.763,0,2.527,0,1.732
P41143,Q9Y696,0,2.678,0,2.742,0,2.562,0,2.35
P41143,Q14677,0.001,3.736,0.019,4.359,0.43,6.93,0.461,7.382
P41143,P30622,0,3.306,0,1.658,0,3.058,0,3.263
P41143,Q9UDT6,0,0.485,0,1.021,0,0.504,0,0.866
P41143,Q9NWW5,0,0,0,1.762,0,1.654,0,0
P41143,P54105,0,3.234,0,3.534,0,3.464,0,3.042
P41143,O96005,0.001,3.962,0,4.572,0,3.228,0.031,6.296
P41143,Q96KA5,0,0,0,1.716,0,1.739,0,0
P41143,P09496,0,4.779,0.043,6.761,0.015,7.558,0.005,6.866
P41143,Q00610,0,584631948.3,0.001,3.30E+11,0,7.37E+12,0,9.59E+12
P41143,P53675,0,1.458,0,3.029,0.005,1.937,0,1.7
P41143,O75153,0.069,7.147,0.019,5.797,0,4.501,0,3.559
P41143,Q99439,0,7.786,0,6.862,0,5.986,0,6.088
P41143,Q15417,0,505.273,0,1952.6,0,311.549,0,101.336
P41143,Q6P4Q7,0,1.45,0,1.535,0,1.882,0,1.171
P41143,A5YKK6,0,4.994,0,6.063,0,7.317,0,8.03
P41143,Q9NZN8,0,1.798,0.001,3.582,0,3.458,0,3.256
P41143,O75175,0,2.647,0,3.283,0,3.468,0,3.672
P41143,Q9UIV1,0,3.553,0,3.6,0,3.417,0,3.073
P41143,Q9BT09,0,2.231,0,2.059,0.231,3.135,0,1.395
P41143,Q13057,0,1.335,0,2.505,0,2.249,0,2.189
P41143,O75128,0,1.704,0,2.151,0,1.947,0,0.609
P41143,Q53SF7,0,2.634,0,2.388,0,2.553,0,1.753
P41143,P38432,0,1.609,0,1.677,0,3.117,0,2.948
P41143,Q99715,0,4.453,0,3.603,0,1.741,0,2.943
P41143,P39060,0,1.336,0,0,0,0,0,0
P41143,P02462,0.241,9.528,0.001,6.312,0,3.89,0,0
P41143,P08572,0,0.894,0.007,4.352,0,1.29,0,1.433
P41143,Q8NBJ5,0,0.682,0,0.776,0,0,0,0
P41143,P53621,0,5.295,0,5.514,0.002,8.583,0.002,9.524
P41143,P53618,0,4.319,0,4.457,0,5.719,0,7.129
P41143,P35606,0,3.767,0,3.957,0.001,3.633,0.001,3.709
P41143,O14579,0.001,2.724,0.001,2.459,0.007,3.286,0.009,3.383
P41143,Q9UNS2,0,2.936,0,3.132,0,2.991,0,2.947
P41143,Q7L5N1,0,2.531,0,2.391,0,2.384,0,3.218
P41143,Q9H9Q2,0,2.636,0,2.585,0,2.697,0,3.077
P41143,Q99627,0,3.02,0,3.715,0.001,4.559,0.004,4.911
P41143,Q9BR76,0,3.494,0,3.488,0,3.511,0,3.127
P41143,Q9ULV4,0,11.696,0,15.116,0,22.485,0,11.142
P41143,Q14061,0,2.893,0,2.954,0,2.958,0,3.11
P41143,Q99829,0,2.256,0,2.599,0.027,1.878,0.014,2.094
P41143,O75131,0,6.822,0,7.542,0,7.419,0,5.716
P41143,Q9BRF8,0,3.323,0,3.406,0,3.403,0,3.256
P41143,Q16630,0.331,3.55,0.329,3.85,0,2.404,0,2.078
P41143,Q9H336,0,0.587,0,0,0,0.798,0,0
P41143,P46109,0,2.762,0,2.13,0,2.851,0,3.223
P41143,Q68DQ2,0,1.841,0,1.759,0,1.765,0,1.681
P41143,O75534,0,3.875,0.001,5.57,0,5.667,0.006,5.227
P41143,P55060,0,3.602,0,3.842,0,3.82,0,4.292
P41143,P41240,0,2.028,0,2.179,0,2.36,0,2.293
P41143,P49674,0,0,0,0,0,2.934,0,0
P41143,P68400,0,1.364,0,1.37,0,3.814,0.044,2.413
P41143,P19784,0.068,4.232,0.09,7.14,0.037,2.819,0.044,2.861
P41143,P67870,0,2.859,0,3.187,0,3.358,0.001,3.535
P41143,P21291,0,4.763,0,4.567,0,5.298,0,5.707
P41143,Q16527,0,3.59,0,3.296,0,3.051,0,2.552
P41143,P04080,0,5.295,0,5.146,0,5.829,0,5.528
P41143,O15320,0.007,8.978,0.002,8.299,0.324,8.616,0.163,8.991
P41143,P35221,0,6.311,0,6.135,0,2.745,0,2.33
P41143,P26232,0,2.707,0,2.599,0,2.762,0,2.394
P41143,P35222,0,167.554,0,146.984,0,44.292,0,11.702
P41143,O60716,0,925.366,0,1233.226,0,296.949,0,90.509
P41143,P17812,0,9.171,0,9.049,0,11.699,0,9.743
P41143,Q14247,0,68180.842,0,277800.534,0,655650.685,0,601424.752
P41143,Q9P2B4,0.028,1.702,0.012,4.848,0,2.47,0,4.442
P41143,Q13616,0,0,0,0.866,0.055,3.785,0,3.06
P41143,Q13618,0,1.788,0,3.557,0,3.813,0,2.056
P41143,Q14999,0,0,0,1.524,0,3.054,0,2.045
P41143,O60888,0,0,0,0,0,0,0,0
P41143,P78310,0,2.307,0,2.809,0,1.795,0,1.623
P41143,Q7L576,0,3.344,0,3.506,0,2.952,0,2.509
P41143,Q96F07,0,4.98,0,3.606,0,4.096,0,3.051
P41143,Q9NQC7,0,6.822,0.894,8.231,0.01,3.049,0.001,4.496
P41143,Q9H1C7,0,1.174,0.001,1.407,0,0,0.001,1.986
P41143,Q14118,0,2.367,0,2.121,0,2.211,0,1.448
P41143,P14868,0,27.162,0,18.307,0,38.315,0,53.532
P41143,Q16643,0,7.048,0,6.971,0,4.596,0,3.277
P41143,Q9UJU6,0,12.402,0,10.034,0,10.512,0,7.41
P41143,Q96PD2,0.025,4.266,0.014,3.896,0.001,2.251,0,2.346
P41143,Q14203,0,1.48,0,2.881,0,1.76,0,2.88
P41143,Q13561,0,1.339,0,2.285,0,2.51,0,2.482
P41143,Q9UJW0,0,0,0.021,2.31,0.006,1.208,0.003,2.091
P41143,Q9H773,0,2.794,0,2.882,0,2.68,0,3.251
P41143,Q16531,0,3.199,0,2.637,0,2.39,0,2.454
P41143,P39656,0,2.88,0,3.411,0,6.53,0,0
P41143,Q92499,0,6.101,0,8.32,0,9.226,0,12.193
P41143,Q92841,0,5.78,0,7.867,0,6.106,0,6.723
P41143,Q9NVP1,0.333,2.805,0.001,2.836,0.333,4.707,0,0
P41143,Q9NUU7,0.332,4.885,0.321,5.209,0.332,2.686,0.341,3.323
P41143,Q9UMR2,0,0,0.333,3.494,0.331,1.974,0.077,1.867
P41143,Q9UHI6,0,14.08,0,11.632,0,12.784,0,11.945
P41143,Q9NR30,0.001,3.124,0.009,3.661,0.008,3.342,0.002,2.985
P41143,Q13838,0.254,4.795,0,0.762,0,1.567,0,0.791
P41143,O00571,0,32.477,0,77.916,0.001,87.124,0,128.923
P41143,Q7L014,0,2.074,0,1.341,0,1.454,0.001,4.419
P41143,P17844,0.051,3.133,0.281,2.138,0.038,3.213,0,3.232
P41143,P26196,0,2.889,0,3.214,0,3.17,0,3.225
P41143,P35659,0,3.27,0,1.853,0.002,3.994,0,4.308
P41143,Q5VZ89,0,1.337,0.127,2.266,0,1.574,0,1.329
P41143,Q8WUY9,0.003,3.399,0,0,0,0,0,1.717
P41143,Q16760,0,1.547,0,1.694,0,1.55,0,1.603
P41143,Q9UBM7,0,1.235,0,2.489,0,0,0.058,3.675
P41143,P00374,0,2.308,0,2.59,0,2.824,0,2.559
P41143,O43143,0,41.068,0,33.479,0,42.653,0,69.986
P41143,Q9H2U1,0.012,2.857,0.041,4.533,0.023,1.759,0.037,4.183
P41143,Q6P158,0.007,3.814,0.003,3.595,0,1.931,0,3.392
P41143,Q08211,0,5.602,0.001,8.075,0,6.605,0,8.968
P41143,O60610,0,2.389,0.048,6.932,0.001,2.925,0,2.614
P41143,Q9NSV4,0,3.463,0,3.474,0,3.672,0.008,3.838
P41143,Q9UPY3,0,2.395,0,2.103,0,2.309,0,2.389
P41143,Q9BTC0,0.005,4.53,0.112,5.152,0.064,5.326,0.071,5.305
P41143,Q9P265,0,4.317,0,4.525,0.024,5.727,0,3.657
P41143,Q9Y2L1,0.14,6.902,0.091,5.901,0.078,5.576,0.075,5.627
P41143,O60832,0,0,0,0,0,1.033,0,1.061
P41143,Q12959,0,6.504,0,5.97,0,3.987,0,1.9
P41143,Q9Y2H0,0,1.279,0,2.535,0,4.848,0,2.981
P41143,Q15398,0,2.53,0,2.487,0,2.356,0,2.505
P41143,P11532,0,0.458,0,0,0.089,4.142,0.056,7.099
P41143,P31689,0,4.259,0,6.312,0,7.032,0,8.754
P41143,O60884,0,3.527,0,3.756,0,3.917,0,4.678
P41143,Q9UBS4,0,0,0,0,0.035,3.094,0.001,1.651
P41143,Q9NXW2,0,0,0,1.644,0,0,0,2.721
P41143,Q8IXB1,0.281,6.102,0,3.13,0,2.935,0,1.825
P41143,O75165,0,2.595,0.037,5.499,0.324,8.451,0.001,5.763
P41143,Q6P3W2,0.017,1.048,0.002,0.987,0,0,0,0
P41143,Q9H3Z4,0,2.387,0,2.546,0,2.789,0.051,4.407
P41143,Q99615,0,3.1,0,2.743,0,3.395,0,2.859
P41143,O00429,0.01,4.337,0.387,6.44,0.62,6.278,0.999,8.671
P41143,P50570,0.008,3.787,0.021,4.517,0.013,3.867,0.003,3.877
P41143,Q6XZF7,0,2.13,0,2.387,0,2.56,0,2.808
P41143,P26358,0.003,3.574,0.004,3.903,0.007,4.136,0,2.904
P41143,Q8N1I0,0,0.756,0,2.604,0,1.091,0,1.107
P41143,Q96N67,0,5.903,0,7.078,0,5.358,0,5.891
P41143,Q16555,0,3.569,0,5.134,0,4.526,0,4.73
P41143,Q14195,0,1.916,0,2.188,0,2.14,0,2.341
P41143,Q9Y295,0.001,3.798,0.001,3.58,0,2.964,0,2.953
P41143,Q02487,0,4.549,0,4.843,0,3.348,0,2.077
P41143,Q14574,0,0,0,0,0,0,0,0
P41143,Q02413,0.63,9.437,0.209,3.221,0.322,2.231,0.147,1.837
P41143,Q14126,0,20.686,0,26.214,0,14.212,0,5.699
P41143,P15924,0,11508.928,0,57436.676,0,118103.64,0,192619.255
P41143,Q03001,0,2.681,0,2.666,0,2.717,0,1.928
P41143,P60981,0,7.342,0,8.646,0,9.494,0,7.074
P41143,Q9Y4J8,0,4.666,0,5.161,0,6.555,0,6.874
P41143,O14641,0.065,6.088,0,4.835,0.005,4.52,0.002,3.783
P41143,Q92997,0.288,15.753,0.11,10.098,0.089,10.706,0.001,8.634
P41143,Q14204,0,32.309,0,79.389,0,86.382,0,140.492
P41143,Q9Y6G9,0,2.969,0,3.002,0,3.109,0,2.648
P41143,P63167,0,7.04,0,7.318,0,7.036,0,9.224
P41143,P42892,0,0,0.001,2.957,0,3.301,0,2.69
P41143,Q5VYK3,0,1.026,0,2.972,0,1.199,0,1.19
P41143,Q96F86,0,2.62,0,3.044,0,2.964,0,3.013
P41143,Q6P2E9,0,15.522,0,19.007,0,11.501,0,16.63
P41143,Q15075,0,2.598,0.005,24.157,0.003,198.402,0,147.475
P41143,O75530,0,3.513,0,3.462,0,3.61,0.003,3.771
P41143,P68104,0,0.375,0,0,0,0,0,0.591
P41143,Q05639,0,0,0.333,2.291,0,1.632,0,0
P41143,P24534,0,1.108,0,1.12,0,1.167,0,2.269
P41143,P29692,0,4.583,0,5.118,0,5.796,0,10.293
P41143,O43324,0,1.054,0,1.137,0,1.147,0,1.039
P41143,P26641,0,28.445,0,54.258,0,31.514,0,56.007
P41143,P13639,0,5488817.18,0,55285745.1,0,31803875.44,0,113243120.3
P41143,A4FU69,0,2.809,0,2.772,0,2.696,0,2.59
P41143,P98172,0,2.335,0,2.357,0,1.86,0,1.783
P41143,P52799,0.002,3.791,0.002,3.509,0.001,2.695,0,2.118
P41143,Q9Y2G0,0.002,1.86,0,0,0,0,0,0
P41143,Q15029,0,3.15,0,4.217,0,4.213,0,3.829
P41143,P00533,0,1.81,0,1.758,0,1.253,0,1.198
P41143,Q9GZT9,0,0.972,0,0,0,2.385,0,0
P41143,Q8NDI1,0,2.606,0,2.733,0,2.83,0,2.924
P41143,Q9H4M9,0,2.866,0,2.026,0,3.21,0,4.084
P41143,Q9H223,0,3.02,0,3.586,0,4.423,0,4.506
P41143,P19525,0,1.82,0,1.971,0,2.113,0,2.315
P41143,P49770,0,1.712,0,0,0,0,0,0
P41143,P05198,0.175,8.315,0.086,3.004,0.008,2.276,0.013,2.233
P41143,P41091,0,2.905,0,3.918,0,3.829,0,3.515
P41143,Q14152,0,7.653,0,13.43,0,12.032,0,21.407
P41143,P55884,0,7.689,0,9.144,0,11.005,0,13.93
P41143,O15371,0.025,3.296,0.056,3.71,0.031,3.08,0.001,3.375
P41143,P60228,0,1.899,0,1.731,0,2.597,0,2.479
P41143,O00303,0,2.775,0,2.969,0,3.079,0,2.776
P41143,O75821,0,2.892,0,3.116,0,3.714,0,3.321
P41143,O15372,0,2.297,0,2.189,0,2.4,0,2.526
P41143,Q13347,0,3.025,0,3.449,0,3.411,0,4.566
P41143,O75822,0.009,1.468,0.003,1.336,0,0,0,1.065
P41143,Q9UBQ5,0,1.209,0,2.518,0,0.948,0,0.959
P41143,Q9Y262,0,7.774,0,13.249,0,21.178,0,30.095
P41143,Q7L2H7,0.004,1.457,0,1.329,0.009,3.058,0.014,3.272
P41143,P60842,0,129.522,0,164.554,0,331.183,0,354.503
P41143,Q14240,0.022,3.408,0.001,1.818,0,2.958,0.006,3.193
P41143,P38919,0.007,3.097,0.003,3.242,0.047,4.659,0.006,3.876
P41143,P23588,0,4.831,0,7.28,0,7.645,0,12.071
P41143,O60573,0,2.674,0,2.858,0,2.81,0,3.973
P41143,Q13542,0,3.162,0,1.714,0,1.69,0,0
P41143,Q04637,0,207.496,0,451.178,0,777.351,0,1530.435
P41143,P78344,0.639,17.746,0.301,6.546,0.043,4.249,0,3.43
P41143,O43432,0,2.446,0,2.311,0,2.603,0,3.333
P41143,O60841,0,3.171,0,2.569,0,2.969,0,3.018
P41143,P56537,0,2.122,0,2.315,0,2.232,0,1.195
P41143,Q15717,0,1.404,0,3.409,0,3.236,0.12,4.823
P41143,Q6IA86,0,1.236,0.001,2.814,0,1.857,0.106,2.194
P41143,Q8N766,0.333,3.679,0.828,11.407,0.002,3.535,0.183,3.444
P41143,P50402,0,4.218,0,4.117,0.031,4.516,0.025,4.273
P41143,Q9BXX0,0.333,4.604,0.333,2.926,0,1.365,0,0
P41143,Q9HC35,0,3.692,0,3.801,0,3.547,0,4.39
P41143,Q8N8S7,0,2.96,0,2.897,0,2.448,0,2.394
P41143,O94919,0,0,0.004,4.321,0,1.558,0.162,6.201
P41143,P06733,0,260.678,0,100.019,0,297.408,0,329.603
P41143,O43768,0,2.343,0,2.679,0,3.254,0,3.801
P41143,P11171,0,2.11,0,2.804,0,2.352,0,1.802
P41143,O43491,0,946.849,0,924.654,0,144.473,0,39.416
P41143,Q9Y2J2,0,32.25,0,38.773,0,13.909,0,4.567
P41143,Q9HCM4,0.001,1.415,0.002,1.698,0,0,0,0
P41143,P16422,0.001,5.388,0,5.854,0,4.313,0.004,4.929
P41143,P29317,0,2.59,0,2.669,0,1.966,0,1.987
P41143,P29323,0,1.429,0,1.704,0,0,0,0
P41143,P54760,0,3.09,0,1.893,0,2.176,0,0
P41143,Q9Y6I3,0,4.372,0.013,4.428,0,2.585,0.017,5.278
P41143,O95208,0.659,8.87,0.666,6.134,0.579,5.997,0,0
P41143,P58107,0,16.264,0,15.752,0,16.618,0,14.479
P41143,P07814,0,587.658,0,1194.736,0,2215.023,0,2844.537
P41143,P42566,0,6.042,0,6.878,0,4.923,0,5.649
P41143,Q9UBC2,0.025,8.113,0.012,8.37,0,4.692,0,4.366
P41143,Q12929,0,2.059,0,1.967,0,1.413,0,1.143
P41143,Q9H6S3,0,3.107,0,3.246,0,2.822,0,2.109
P41143,Q96RT1,0,28.913,0,18.773,0,6.529,0,4.11
P41143,Q8IUD2,0.102,9.382,0.107,8.398,0.023,6.628,0.003,5.797
P41143,Q2NKX8,0,3.106,0.001,3.374,0,3.048,0,2.479
P41143,Q96RQ1,0,0,0,0,0,0,0,0
P41143,P84090,0,1.294,0,0,0,2.488,0,3.763
P41143,O75477,0.019,8.473,0,3.856,0.284,3.887,0.001,3.614
P41143,O94905,0,1.049,0,1.109,0,2.268,0,0.99
P41143,Q96HE7,0,0,0.001,2.546,0,1.656,0,1.794
P41143,P30040,0,2.708,0,0,0,0,0,4.884
P41143,Q9BS26,0,0,0,0,0.001,3.137,0,0
P41143,Q9BSJ8,0,4.321,0,3.719,0,5.697,0.003,7.173
P41143,P62495,0.004,3.501,0.005,3.181,0.002,3.329,0,3.413
P41143,P13804,0.059,2.767,0.326,2.862,0.334,4.522,0.333,4.229
P41143,Q01844,0,3.462,0,3.632,0,3.623,0,3.609
P41143,Q9NV70,0,1.136,0.004,2.622,0.014,3.154,0,0
P41143,Q96A65,0,2.635,0,2.536,0,2.909,0,3.051
P41143,Q8TAG9,0,3.364,0,3.59,0,4.408,0.122,3.402
P41143,Q9UPT5,0,1.833,0,1.768,0,2.637,0,1.678
P41143,Q13868,0,3.034,0,1.741,0,1.988,0,0
P41143,Q5RKV6,0.064,7.251,0.009,3.366,0.006,5.784,0.254,6.609
P41143,O95677,0,2.995,0,5.86,0,7.095,0,2.927
P41143,P15311,0,285.436,0,303.803,0,91.72,0,19.378
P41143,P55085,0,2.409,0,5.039,0,1.819,0,1.986
P41143,Q01469,0,1.347,0,1.589,0,2.033,0,2.291
P41143,Q6SJ93,0.003,1.462,0.011,3.538,0.008,3.315,0.002,1.668
P41143,Q6P1L5,0,3.361,0,1.903,0,1.765,0,1.721
P41143,Q9BPY3,0,5.146,0,3.138,0,6.522,0.006,4.123
P41143,Q9NZB2,0,2.397,0,2.705,0,2.488,0,2.497
P41143,Q9BZQ8,0,2.558,0,2.848,0,3.343,0,3.254
P41143,Q15018,0,4.954,0.333,3.469,0.003,5.284,0,2.826
P41143,Q9NUQ9,0,4.051,0,3.856,0,1.487,0,2.519
P41143,Q6ZS17,0.018,5.531,0.019,5.445,0.215,7.038,0.31,4.542
P41143,Q658Y4,0.054,6.044,0.003,2.62,0,0,0,2.963
P41143,Q8NCA5,0,2.652,0,2.788,0,3.736,0.003,3.983
P41143,Q52LJ0,0,1.242,0,1.36,0,2.443,0,2.836
P41143,O15287,0,1.979,0,2.1,0,2.264,0,0
P41143,Q9Y4F1,0,2.873,0,3.185,0,3.109,0,1.823
P41143,O94887,0,1.89,0,1.79,0,0.901,0,1.659
P41143,Q9Y285,0,3.446,0,4.006,0,3.844,0.263,4.239
P41143,P49327,0,67633656.05,0,715304227.9,0,2416462521,0,7118612359
P41143,Q14517,0,2.499,0,2.27,0,2.338,0,2.122
P41143,P22087,0,1.961,0,2.384,0,2.49,0,2.314
P41143,Q0JRZ9,0.138,8.567,0.183,7.557,0.072,5.02,0.037,4.856
P41143,P37268,0.183,8.014,0,1.909,0,1.961,0,2.019
P41143,P14324,0.002,4.002,0.001,3.69,0.002,3.609,0.003,1.767
P41143,Q96AC1,0,6.391,0,6.92,0,3.658,0,2.063
P41143,Q13642,0.015,26.955,0.006,28.027,0.019,26.144,0.045,32.958
P41143,Q14192,0,2.994,0,2.482,0,2.387,0,2.017
P41143,Q9Y613,0,1.264,0,1.552,0.148,2.05,0.003,2.217
P41143,Q96AY3,0,1.343,0,1.622,0,2.113,0,2.312
P41143,Q5T1M5,0,1.664,0,3.428,0,3.555,0,3.285
P41143,P62942,0.001,2.839,0.001,3.421,0.001,3.831,0.001,4.953
P41143,Q02790,0,4.251,0,4.083,0,5.604,0,4.529
P41143,Q14318,0.042,4.336,0.017,2.147,0.001,3.607,0,2.748
P41143,Q13045,0,2.902,0,2.975,0,2.683,0,2.996
P41143,P21333,0,4.55E+15,0,9.07E+17,0,1.88E+16,0,3.65E+14
P41143,O75369,0,27398.528,0,80421.123,0,19498.478,0,3177.451
P41143,Q14315,0,528.531,0,955.595,0,234.292,0,202.252
P41143,O75955,0,1.631,0,1.655,0,1.004,0,2.447
P41143,Q06787,0.002,4.684,0,2.559,0,4.451,0,3.652
P41143,Q8WU20,0,1.216,0,1.431,0,1.794,0,0
P41143,Q16658,0,6.418,0,4.709,0,3.662,0,2.388
P41143,Q8IY81,0,2.215,0,1.282,0,2.179,0,2.52
P41143,Q9BTY2,0,0,0,0,0,0,0,0
P41143,P35637,0,3.233,0,2.995,0,3.9,0.059,5.264
P41143,P51114,0,3.414,0,3.424,0,3.896,0,3.687
P41143,P51116,0,2.556,0,2.813,0,2.619,0,2.229
P41143,Q9BQS8,0.007,4.264,0.005,3.672,0.021,4.537,0.455,11.524
P41143,P06241,0,1.975,0,0.544,0,1.295,0,0.691
P41143,Q13283,0.009,3.474,0.003,3.518,0,3.027,0,2.739
P41143,Q9UN86,0.001,3.796,0.007,4.142,0,3.47,0.014,4.686
P41143,P11413,0,2.293,0,2.372,0,2.268,0,2.63
P41143,Q14697,0.108,10.778,0.147,10.236,0.271,8.364,0.012,6.804
P41143,P04406,0.001,7.604,0.003,6.626,0.002,7.367,0.001,10.048
P41143,Q14C86,0,3.275,0,4.07,0,4.159,0,4.116
P41143,P41250,0,2.481,0,2.71,0,2.879,0,3.132
P41143,P22102,0,33.988,0,33.713,0,31.929,0,28.259
P41143,Q04446,0.055,1.9,0.112,1.886,0,0,0,0
P41143,Q92538,0,2.949,0.021,3.322,0,2.449,0.005,3.377
P41143,Q8IWJ2,0,3.401,0.001,2.398,0.003,2.691,0,2.632
P41143,P48507,0,3.782,0.009,4.165,0,3.929,0,3.996
P41143,Q92616,0,1.429,0,1.684,0,1.758,0,2.02
P41143,P50395,0.002,3.561,0.001,3.582,0.01,2.432,0.013,4.685
P41143,P57678,0,4.532,0,4.372,0,3.94,0,4.291
P41143,Q8TEQ6,0,3.391,0,4.095,0,3.916,0,3.216
P41143,Q7L5D6,0,3.134,0,1.849,0,1.8,0,1.998
P41143,Q06210,0,209.734,0,397.257,0,495.41,0,607.541
P41143,Q6Y7W6,0,2.875,0,3.169,0,3.473,0,3.592
P41143,Q9Y2X7,0,14.775,0,27.019,0,26.54,0,47.404
P41143,P10071,0,3.046,0,3.241,0,2.016,0,2.154
P41143,Q9HC38,0,2.527,0,2.919,0,2.804,0,3.1
P41143,O76003,0.006,4.69,0.003,3.137,0.001,2.882,0.003,3.867
P41143,P15104,0.002,4.438,0,3.973,0.004,4.527,0.453,6.251
P41143,Q49A26,0,4.082,0,4.504,0,4.79,0,4.98
P41143,O60547,0,0.623,0,2.476,0,1.376,0,1.277
P41143,P49915,0.01,5.576,0,4.127,0.002,4.655,0.002,3.997
P41143,P29992,0,3.792,0,2.984,0,3.09,0,1.902
P41143,Q14344,0,0,0.333,2.059,0,0,0,0
P41143,P63096,0,1.11,0,1.232,0,1.346,0,1.403
P41143,P04899,0,2.357,0,2.46,0,1.952,0,1.504
P41143,P08754,0,8.144,0,3.829,0,2.862,0,2.594
P41143,P63092,0.008,1.046,0.002,3.064,0,1.112,0,3.077
P41143,P62873,0,2.747,0,2.514,0,0.915,0,1
P41143,P62879,0,0.643,0,0.779,0,1.685,0,1.067
P41143,P63244,0,315.534,0,472.447,0,1118.132,0,1656.897
P41143,Q9BVP2,0.03,4.668,0.189,5.345,0.128,4.778,0.047,4.46
P41143,Q08379,0.052,7.102,0.011,3.282,0.001,4.223,0.003,2.362
P41143,Q8TBA6,0.328,7.585,0,0,0,4.835,0.003,4.129
P41143,Q14789,0,2.444,0,2.496,0,2.337,0.001,2.954
P41143,Q9HD26,0,2.917,0,3.182,0,2.954,0,3.697
P41143,Q9NQX3,0,4.216,0,3.362,0,3.648,0,3.677
P41143,Q7Z601,0,1.018,0,1.277,0,1.56,0,0
P41143,Q8NFJ5,0.051,3.558,0.002,2.647,0.123,4.342,0.002,3.042
P41143,Q9NQ84,0,1.814,0,1.149,0,0,0.013,1.761
P41143,Q13098,0.667,11.802,0.333,4.111,0.016,4.536,0,2.07
P41143,Q4V328,0,0.441,0,0.887,0,0.597,0,1.881
P41143,Q9BQ67,0,1.351,0.033,4.218,0,1.504,0.003,3.002
P41143,P15170,0,15.126,0,15.793,0,13.83,0,16.106
P41143,P21266,0.083,6.792,0.072,5.811,0.067,5.456,0.079,5.017
P41143,P78417,0,2.19,0,2.367,0,1.346,0,0
P41143,P09211,0,4.111,0,6.137,0,6.148,0,5.504
P41143,Q12789,0,2.764,0,3.131,0,2.926,0.001,3.504
P41143,Q9Y5Q9,0,2.772,0,2.268,0,2.448,0,3.066
P41143,Q9Y5Q8,0,3.175,0,2.757,0,0.999,0,1.758
P41143,O00178,0,2.734,0,2.651,0,2.8,0,2.711
P41143,Q9NYZ3,0,2.444,0,3.038,0,3.117,0,3.03
P41143,P13807,0.022,4.308,0.012,3.52,0.005,2.906,0.012,3.453
P41143,P07305,0.007,5.338,0.009,5.474,0.032,5.621,0.001,5.477
P41143,P16104,0,1.083,0,1.243,0,0.767,0,1.064
P41143,O75367,0,1.92,0,2.23,0,1.931,0,2.449
P41143,P12081,0,2.769,0,1.622,0,1.599,0,1.629
P41143,O14929,0.052,4.566,0.024,3.122,0,3.114,0.012,0.929
P41143,Q7Z4H7,0,2.369,0,1.933,0,2.069,0,2.576
P41143,Q99871,0,0,0,1.542,0,1.753,0,1.834
P41143,Q9Y450,0.005,3.409,0.002,3.235,0,2.578,0,2.913
P41143,P51610,0,6.942,0,5.136,0,5.624,0,6.731
P41143,Q13547,0.031,2.032,0.045,4.371,0.068,5.39,0.054,5.43
P41143,Q92769,0.012,3.468,0.005,3.255,0.002,3.406,0.001,3.456
P41143,Q00341,0,8.037,0,7.132,0,6.621,0,9.857
P41143,Q7Z4Q2,0,3.35,0,3.434,0,3.375,0,3.615
P41143,Q9ULT8,0,7.133,0,8.154,0,6.585,0,9.815
P41143,Q9Y4D8,0,1.606,0,2.973,0,2.991,0,4.811
P41143,P42694,0.059,3.441,0.293,3.946,0.305,4.276,0,3.88
P41143,O95714,0,2.601,0,2.38,0,2.739,0,2.643
P41143,O94992,0,3.141,0,3.793,0,3.786,0,3.864
P41143,O14964,0,4.431,0,13.135,0,47.182,0,44.088
P41143,O75146,0,2.756,0,3.234,0,3.042,0,2.95
P41143,P16403,0.004,2.627,0.002,2.435,0.002,2.415,0.002,2.123
P41143,P10412,0.001,2.262,0.001,2.521,0.001,2.174,0,1.849
P41143,P62805,0,1556.128,0,7345.963,0,2045.896,0,19547.659
P41143,Q71DI3,0,0,0,0,0,0.914,0,0
P41143,Q8N257,0,3.639,0.002,2.306,0.003,4.202,0.006,1.61
P41143,P19367,0.329,0.952,0.318,2.974,0.333,2.519,0.332,1.15
P41143,P04439,0.1,5.051,0.022,4.801,0,4.321,0.249,5.474
P41143,P10321,0,3.333,0,3.099,0,3.571,0,3.278
P41143,Q8TCT9,0.118,2.065,0,1.626,0,1.309,0,1.205
P41143,P04035,0,3.956,0,4.18,0,4.078,0,3.812
P41143,Q01581,0.004,1.355,0.003,1.372,0.002,2.057,0.004,1.424
P41143,O75330,0,2.563,0,1.614,0,1.435,0,3.361
P41143,P30519,0,4.207,0,4.435,0,4.251,0.003,4.476
P41143,Q9H910,0,3.025,0,3.573,0,3.282,0,4.36
P41143,Q13151,0,2.2,0,2.092,0,2.08,0,2.041
P41143,P09651,0,2.283,0,2.463,0,2.525,0,2.535
P41143,P22626,0,2.213,0,2.544,0,2.067,0,2.354
P41143,P51991,0,2.046,0,1.853,0,2.506,0,1.555
P41143,P07910,0,2.858,0,3.13,0,2.453,0,2.895
P41143,Q14103,0.012,1.881,0.333,2.032,0,0,0,0
P41143,P52597,0,4.416,0,4.074,0,4.919,0,5.616
P41143,P31943,0,3.63,0,4.596,0,3.851,0,5.935
P41143,P55795,0,2.753,0,0,0,0,0,0.858
P41143,P31942,0,2.101,0,2.299,0,3.654,0,2.335
P41143,P61978,0,9.864,0,16.726,0,10.444,0,14.311
P41143,P14866,0,4.423,0,6.153,0,5.126,0,7.065
P41143,P52272,0,3.69,0,3.707,0,3.74,0,3.476
P41143,O43390,0,3.476,0.008,4.115,0.002,3.612,0,3.208
P41143,Q00839,0.001,5.151,0.004,6.277,0.001,6.009,0,4.802
P41143,O14979,0,0,0,1.603,0,1.068,0,1.256
P41143,Q9UJC3,0,2.694,0,3.728,0,3.901,0,3.242
P41143,Q86VS8,0.323,15.14,0.315,10.276,0.002,4.06,0.007,3.516
P41143,Q5SSJ5,0,0,0,0,0,0,0,0
P41143,P00492,0,8.671,0,8.066,0,7.09,0,6.135
P41143,Q53GQ0,0,0.705,0,2.61,0,1.058,0.315,1.398
P41143,P07900,0,10.906,0,17.524,0,18.266,0,23.862
P41143,P08238,0,56.345,0.001,112.892,0,177.324,0,231.367
P41143,Q58FF8,0.222,8.259,0.033,4.614,0,3.994,0,3.102
P41143,P14625,0,5.164,0,5.139,0,3.158,0,5.585
P41143,P48723,0,1.796,0,0,0,0,0,2.167
P41143,P08107,0,761498144.1,0,43735764912,0,4.24E+11,0,5.64E+12
P41143,P54652,0,2.338,0,2.323,0,2.406,0,2.861
P41143,P34932,0,2.291,0,2.257,0,1.838,0,2.326
P41143,O95757,0,3.78,0,4.517,0,4.125,0,4.361
P41143,P11021,0,39.519,0,39.742,0,67.906,0,134.573
P41143,P11142,0,91988.659,0,519585.529,0,2347702.59,0,4204389.95
P41143,P38646,0.003,3.41,0,2.964,0,2.733,0,2.134
P41143,P04792,0,1.261,0,0,0,0.441,0,0.608
P41143,Q9NZL4,0,1.43,0,2.873,0,3.038,0,3.306
P41143,Q92598,0,4.259,0,7.474,0,7.766,0,10.344
P41143,O43719,0.01,4.153,0.003,8.098,0,5.93,0.367,11.644
P41143,P42858,0,3.783,0.01,4.924,0.022,4.819,0.005,4.068
P41143,Q7Z6Z7,0,10.914,0,8.746,0,10.64,0,13.004
P41143,Q9Y4L1,0,1.538,0,1.948,0,2.343,0,3.954
P41143,P41252,0,14.694,0,22.748,0,18.543,0,32.847
P41143,P47928,0,0.836,0.006,4.227,0,1.009,0,4.106
P41143,P78318,0,1.743,0,1.935,0,2.406,0,3.939
P41143,P08069,0,2.303,0,2.843,0,2.678,0,2.605
P41143,Q9NZI8,0,4.561,0,4.503,0,4.85,0,4.804
P41143,Q9Y6M1,0,7.11,0.005,8.427,0.041,10.529,0.02,7.294
P41143,O00425,0.115,5.675,0.055,4.404,0.001,4.345,0.017,5.263
P41143,P11717,0,0,0,0,0.003,6.909,0.001,5.57
P41143,Q70UQ0,0,0,0,0,0,2.121,0.024,6.192
P41143,O95163,0,2.856,0,1.522,0,3.381,0,3.14
P41143,Q12905,0,2.953,0,3.371,0,3.229,0,3.572
P41143,Q12906,0,3.013,0,4.178,0,3.69,0,3.848
P41143,Q13418,0,2.93,0,2.919,0,2.568,0,2.908
P41143,P12268,0,15.804,0,18.14,0,25.546,0,37.959
P41143,O15357,0,1.078,0,1.906,0,1.155,0,2.118
P41143,P06213,0,2.652,0,1.657,0,1.087,0,1.26
P41143,Q8TEX9,0,2.465,0,2.83,0,1.422,0,3.266
P41143,O00410,0,27.198,0,44.322,0,50.781,0,58.09
P41143,O95373,0,4.269,0,8.042,0,8.574,0,8.944
P41143,Q96P70,0.082,5.557,0.035,4.658,0,3.464,0.004,4.03
P41143,P46940,0,16973.14,0,21011.604,0,2420.239,0,309.696
P41143,Q86VI3,0,2.345,0,2.605,0,2.866,0,1.61
P41143,P51617,0,2.33,0,2.797,0,2.763,0,2.755
P41143,Q9Y4H2,0.012,3.339,0.022,3.978,0.022,3.888,0.026,4.306
P41143,P53990,0,4.24,0.004,5.071,0.292,7.059,0.005,5.529
P41143,Q9NPH2,0.049,4.639,0.012,4.209,0.038,2.812,0.084,5.598
P41143,Q96J02,0,2.788,0.001,2.869,0,2.401,0.005,4.165
P41143,P56199,0,3.294,0,3.332,0,1.352,0,0
P41143,P17301,0.002,3.539,0.003,3.738,0.014,4.378,0.002,2.398
P41143,P26006,0,3.39,0,3.876,0,2.622,0,0
P41143,P23229,0,0,0,2.074,0,2.453,0,0
P41143,P06756,0,3.25,0,2.49,0,2.319,0,1.772
P41143,P05556,0,5,0,4.841,0,3.512,0,3.034
P41143,P18564,0,2.245,0,2.363,0,2.617,0,1.146
P41143,Q9BY32,0,2.527,0,2.818,0.008,6.137,0.005,6.353
P41143,Q9NZM3,0.505,7.59,0.824,8.536,0.189,5.565,0.081,4.836
P41143,P23458,0,2.725,0,2.637,0,2.381,0,2.393
P41143,P14923,0,269.658,0,362.265,0.327,5575.302,0,42.948
P41143,Q14678,0,3.421,0,3.658,0,2.898,0,0.914
P41143,Q63ZY3,0,0,0,0,0,1.112,0,1.773
P41143,Q15046,0,3.43,0,3.467,0,3.922,0.001,4.385
P41143,Q8IYT4,0,2.771,0,3.161,0,3.438,0,3.948
P41143,Q96CX2,0.046,4.107,0.036,4.172,0.003,3.227,0,2.868
P41143,Q9Y597,0.18,15.442,0.097,10.656,0.074,8.776,0.002,4.601
P41143,Q9NXV2,0,1.329,0,1.481,0,1.566,0,1.522
P41143,Q9Y4C1,0,4.42,0,5.123,0,5.464,0,5.809
P41143,Q7LBC6,0,3.796,0,2.358,0,2.465,0,4.25
P41143,O15550,0,3.091,0,3.407,0,3.616,0,3.962
P41143,Q14145,0,1.153,0,2.339,0,1.327,0,1.549
P41143,Q07666,0.622,3.903,0.954,7.766,0.333,2.049,0.963,8.236
P41143,Q92945,0,16.582,0,23.246,0,22.037,0,28.909
P41143,Q12768,0,0,0.663,7.074,0.995,9.226,0.24,6.183
P41143,A2VDJ0,0,4.671,0,4.865,0,3.027,0,5.076
P41143,Q9Y2F5,0.029,8.385,0,4.969,0,5.157,0,5.286
P41143,Q2M389,0,0,0.044,6.9,0.016,8.39,0.002,4.201
P41143,Q2LD37,0,1.562,0.006,5.707,0.016,2.542,0.073,4.954
P41143,Q96EK5,0.007,4.237,0,3.501,0,3.25,0,3.746
P41143,Q8TCG1,0,2.652,0,2,0,2.132,0,2.395
P41143,A0MZ66,0,1.279,0,2.735,0,2.338,0,2.374
P41143,Q9BY89,0,2.381,0,2.44,0,2.647,0,2.82
P41143,Q9ULH0,0,2.581,0,2.587,0,2.722,0,2.629
P41143,P52732,0,5.284,0,6.473,0,5.194,0,7.005
P41143,Q15058,0,3.159,0,3.009,0,3.343,0,3.572
P41143,Q9NS87,0,2.147,0,2.438,0,1.781,0,2.015
P41143,Q96L93,0.028,5.748,0,3.593,0,4.256,0,3.308
P41143,Q12756,0.323,16.141,0,0,0.273,6.807,0.204,5.601
P41143,O60333,0,3.015,0,3.35,0,3.297,0,3.821
P41143,O95235,0,1.149,0,1.312,0,1.331,0,0.644
P41143,Q7Z4S6,0,1.782,0,3.7,0,1.17,0,4.037
P41143,Q02241,0,2.547,0,2.044,0,2.346,0,2.354
P41143,O00139,0,3.369,0,3.816,0,4.028,0,3.816
P41143,Q99661,0,2.62,0,2.403,0,2.762,0,2.892
P41143,P33176,0,5.428,0,10.403,0,11.133,0,18.713
P41143,Q9BW19,0.029,7.336,0.001,3.789,0,3.564,0,5.809
P41143,Q96J84,0,1.994,0,1.934,0,2.003,0,1.293
P41143,Q07866,0,2.24,0,2.754,0,2.666,0,2.732
P41143,Q9H0B6,0,3.806,0.037,4.974,0.002,3.918,0.001,4.408
P41143,Q03164,0,2.951,0,2.035,0,4.235,0,0
P41143,P52294,0.001,3.829,0,3.809,0,3.529,0,3.638
P41143,P52292,0,4.136,0,4.199,0,4.565,0,3.128
P41143,O00505,0,3.692,0,1.972,0.001,2.027,0,3.2
P41143,O00629,0,3.429,0,3.783,0,1.978,0.001,4.006
P41143,O60684,0.008,3.257,0.003,2.895,0.026,4.001,0.002,2.575
P41143,Q14974,0,4.007,0,5.187,0,4.779,0,11.655
P41143,Q5T749,0.15,1.961,0.041,1.663,0,1.357,0,1.775
P41143,P04264,0.032,34.477,0.018,12.755,0,11.748,0.024,34.421
P41143,A6NCN2,0,1.099,0,0.578,0,0.687,0.333,3.457
P41143,P05783,0.001,80.116,0.133,252.748,0.026,212.847,0,360.068
P41143,P08727,0.015,1.639,0.293,1.569,0.015,1.343,0.001,1.27
P41143,P35908,0.334,3.716,0.333,6.029,0.333,3.133,0.012,3.686
P41143,P04259,0,0,0,0,0,0,0,1.616
P41143,P35527,0,5.083,0,3.424,0,3.782,0,3.802
P41143,Q8IUC1,0,0,0,0,0,0,0.333,4.285
P41143,Q86UP2,0,2.188,0,3.101,0,3.171,0.002,5.077
P41143,P07942,0,3.568,0,1.87,0,2.616,0,4.511
P41143,P11047,0.001,4.326,0,3.49,0,2.71,0,3.986
P41143,P11279,0,1.751,0,1.9,0.252,4.526,0.711,8.392
P41143,Q6IAA8,0,0,0.212,7.467,0.156,3.273,0.848,15.985
P41143,O43813,0,3.992,0,2.445,0,3.552,0,3.534
P41143,Q9NS86,0,1.791,0,1.729,0,1.771,0,1.753
P41143,Q6PKG0,0,3.678,0,3.559,0,4.92,0,5.396
P41143,Q71RC2,0,2.716,0,3.238,0,3.744,0.216,5.818
P41143,Q4G0J3,0,4.167,0,4.31,0,4.074,0,1.55
P41143,Q9P2J5,0,3.36,0,4.604,0,5.102,0,5.868
P41143,Q9Y4W2,0,3.451,0,4.098,0,4.34,0,5.835
P41143,Q14847,0,18.037,0,21.534,0,14.839,0,10.184
P41143,Q14739,0.313,2.405,0.222,3.425,0.001,2.776,0.389,6.094
P41143,Q9UIC8,0,2.524,0,3.323,0,2.905,0,3.176
P41143,P00338,0,30.468,0,44.478,0,29.719,0,57.606
P41143,P07195,0,57.617,0,79.82,0,125.404,0,174.61
P41143,Q9Y2U8,0.062,4.227,0.02,6.221,0,5.51,0.005,5.395
P41143,Q32P28,0,0,0,0,0,0,0.001,1.798
P41143,Q08380,0.026,3.358,0.002,3.123,0,2.883,0,2.878
P41143,Q9UHB6,0,2.915,0,3.682,0,2.571,0,2.04
P41143,Q9UGP4,0,2.808,0,2.433,0,1.963,0,2.318
P41143,Q15334,0,4.354,0,4.277,0,2.76,0,2.243
P41143,P49257,0,10.464,0.333,10.312,0,8.43,0,8.21
P41143,Q9BU23,0.018,3.895,0.003,4.288,0.044,4.977,0.035,4.69
P41143,P02545,0,3.359,0,3.404,0.006,3.973,0.06,4.464
P41143,Q8WWI1,0,3.585,0,3.518,0.001,3.896,0,3.607
P41143,Q9UIQ6,0.001,2.558,0.12,5.899,0.024,4.477,0.001,3.132
P41143,Q9Y4K0,0.001,3.395,0,0,0,0,0,0
P41143,O95490,0.318,2.192,0.332,5.361,0.333,3.241,0.333,6.224
P41143,Q93052,0,3.729,0,4.583,0,4.263,0,4.011
P41143,P50851,0.011,3.097,0,3.459,0,3.565,0,3.303
P41143,Q5VUJ6,0,2.794,0,3.149,0,3.13,0,2.995
P41143,P30533,0.333,8.24,0.333,6.565,0,2.953,0,3.972
P41143,Q9BTT6,0,2.511,0,2.352,0,1.107,0,1.987
P41143,Q96NW7,0,2.717,0,2.685,0,1.324,0,1.475
P41143,Q32MZ4,0,4.29,0,3.636,0,3.942,0,4.786
P41143,Q3MHD2,0,1.407,0,1.491,0,1.502,0,2.739
P41143,Q8ND56,0,2.991,0,3.819,0,3.721,0,3.148
P41143,Q86X29,0,3.931,0,2.883,0,2.533,0,2.083
P41143,Q96GA3,0,1.073,0,3.56,0.004,2.299,0,1.816
P41143,Q9NQ29,0.284,5.005,0.262,3.186,0,1.997,0,1.608
P41143,Q9Y383,0,4.223,0,2.826,0,2.204,0,2.121
P41143,O95232,0,3.813,0,4.191,0,2.716,0,3.082
P41143,Q86V48,0,3.76,0,3.209,0,4.039,0,3.646
P41143,P07948,0,3.461,0,3.297,0,2.161,0,1.361
P41143,P20645,0,0,0,2.958,0.21,6.245,0.641,6.718
P41143,Q9UPN3,0,5.257,0,5.721,0,4.678,0,5.259
P41143,Q9Y5V3,0.002,4.724,0.001,4.852,0,4.632,0,3.764
P41143,Q9UNF1,0,2.666,0,2.844,0,2.558,0,2.576
P41143,Q9H0U3,0,1.839,0,0,0,1.77,0.156,3.264
P41143,Q9UDY8,0,1.824,0,1.826,0,2.126,0,2.104
P41143,P46821,0,49.961,0,207.523,0,440.976,0,728.703
P41143,Q66K74,0,1.007,0,1.208,0,2.17,0,2.529
P41143,Q02750,0,3.139,0,2.955,0,2.824,0,2.639
P41143,Q9Y6R4,0.041,2.125,0,1.797,0,1.482,0,0
P41143,O43318,0,2.206,0,2.558,0,1.329,0,2.203
P41143,P27816,0,26.186,0,46.783,0,82.071,0,108.23
P41143,O95819,0,2.865,0,2.891,0,3.184,0,2.974
P41143,Q3KQU3,0.018,1.964,0.001,2.304,0.005,8.136,0.43,10.337
P41143,Q8IWC1,0,2.71,0,2.6,0,2.785,0,2.877
P41143,Q8NDC0,0,3.138,0,1.306,0,3.956,0,4.313
P41143,Q9BPZ7,0,0.788,0,0.883,0,0,0,1.81
P41143,Q15691,0,8.406,0,12.631,0,12.117,0,14.171
P41143,Q15555,0,2.951,0,3.783,0,3.497,0,3.675
P41143,P29966,0,2.66,0,2.64,0,2.412,0,2.844
P41143,P49006,0,2.498,0,2.567,0,2.541,0,2.531
P41143,Q7KZI7,0,2.293,0,2.539,0,2.158,0,2.1
P41143,P27448,0,1.137,0,3.987,0,4.634,0,3.23
P41143,P56192,0,6.742,0,11.482,0,8.265,0,14.061
P41143,P31153,0,2.633,0,2.174,0,2.32,0,2.292
P41143,P43243,0,6.621,0,8.878,0,6.807,0,9.264
P41143,Q7Z434,0,2.712,0,3.181,0,2.948,0,3.793
P41143,P23508,0,1.126,0,3.004,0,3.196,0,2.73
P41143,Q96RQ3,0,1053.986,0,1804.097,0,4134.879,0,3956.323
P41143,Q9HCC0,0,6.597,0,8.246,0,6.629,0,7.73
P41143,P49736,0.031,1.707,0.022,3.009,0.036,3.625,0.014,3.032
P41143,P25205,0.05,4.045,0.023,3.866,0.015,3.763,0.014,3.23
P41143,P33991,0.055,4.383,0.004,3.317,0.149,4.356,0.004,3.349
P41143,P33992,0.296,2.218,0.007,3.144,0.002,1.637,0.011,1.621
P41143,Q14566,0.033,3.949,0.035,4.03,0.026,3.334,0.024,3.717
P41143,P33993,0.014,3.445,0.005,2.962,0.014,3.656,0.008,3.53
P41143,Q9BTE3,0,4.684,0,4.028,0,4.006,0,5.242
P41143,Q14676,0,4.15,0,3.828,0,3.492,0,3.218
P41143,Q9NU22,0,3.949,0,3.691,0,3.998,0.125,4.221
P41143,Q96RN5,0,3.794,0,3.717,0,4.426,0,5.007
P41143,Q14680,0.025,3.767,0.004,5.82,0,1.907,0,1.911
P41143,P53582,0,2.997,0,3.276,0,5.881,0,5.598
P41143,Q6P1Q9,0,0.764,0,1.713,0,2.079,0,3.893
P41143,Q8IWI9,0,4.215,0,4.425,0,4.77,0.013,4.897
P41143,O60502,0.013,3.639,0.013,3.555,0.012,3.08,0.023,3.662
P41143,O60291,0,4.993,0,5.572,0,6.011,0,3.623
P41143,O14880,0.239,5.363,0,3.293,0.001,3.283,0.003,3.566
P41143,Q5JRA6,0,4,0,4.096,0.014,4.524,0.01,4.991
P41143,Q8N3F8,0.001,3.334,0.005,3.835,0.004,4.007,0,3.213
P41143,P14174,0,4.744,0,4.636,0,3.767,0,6.828
P41143,Q8N4C8,0,2.282,0,2.686,0,2.722,0,2.416
P41143,Q9UNW1,0,1.771,0,0,0,0,0,0
P41143,P46013,0,10.255,0,9.362,0,10.737,0,13.12
P41143,P55196,0,157.811,0,126.397,0,38.131,0,9.817
P41143,Q9BU76,0,5.221,0,5.514,0,3.617,0.001,6.468
P41143,Q7Z3U7,0.033,3.484,0.006,3.02,0.022,1.634,0.01,4.846
P41143,Q9HCE1,0,3.599,0,3.071,0,2.89,0,3.333
P41143,O75970,0,2.702,0,2.238,0,2.595,0,2.281
P41143,Q14168,0,1.194,0,1.064,0,1.227,0,1.364
P41143,Q9NZW5,0,4.01,0,3.047,0,3.005,0,2.32
P41143,Q6WCQ1,0,6.847,0,6.422,0,4.29,0,4.315
P41143,O95297,0,2.963,0,3.166,0,2.996,0,2.841
P41143,Q96GC5,0.278,1.192,0.008,1.168,0.094,2.088,0.034,2.029
P41143,O43196,0,3.225,0,3.357,0.001,3.348,0,3.228
P41143,P52701,0.035,2.777,0,1.615,0.077,5.614,0.044,3.599
P41143,Q15800,0,0,0,0,0,2.214,0,1.764
P41143,P26038,0.031,6.661,0,3.26,0,4.931,0,2.42
P41143,Q9P289,0,1.687,0,2.171,0,4.175,0,2.684
P41143,P00403,0.034,3.658,0.001,2.654,0.027,3.657,0.004,3.34
P41143,P11586,0,4.561,0,6.134,0,4.687,0,5.53
P41143,Q13613,0,1.639,0,3.159,0,2.373,0,2.124
P41143,Q13615,0,2.377,0,2.471,0,2.696,0,2.637
P41143,P42345,0.002,2.801,0.026,3.904,0.001,2.653,0.077,4.356
P41143,Q99707,0.333,2.82,0.333,5.879,0.333,4.143,0.333,4.958
P41143,Q765P7,0,3.684,0,2.921,0,2.659,0,3.093
P41143,Q9ULD2,0,2.063,0,1.257,0,1.828,0,3.076
P41143,Q7Z5P9,0.058,53268.276,0.211,2727612.531,0,575.058,0.006,6349283292
P41143,Q9BQG0,0.055,5.066,0.015,3.58,0.004,2.138,0,1.932
P41143,O75592,0.115,5.491,0.107,8.328,0.449,8.183,0.472,4.626
P41143,P12882,0,0,0,0,0,0,0.328,1.981
P41143,P35580,0.313,3.548,0.332,3.501,0.331,3.498,0.26,3.062
P41143,Q9UKX3,0.325,1.97,0,0,0,0,0,0
P41143,Q9UKX2,0,0,0,0,0,0,0.333,4.093
P41143,Q9Y623,0.006,2.909,0,0,0,0,0.333,4.454
P41143,P12883,0,1.823,0,0,0,0,0.33,1.977
P41143,P35579,0,20371.75,0,53678.458,0,14035.194,0,3644.736
P41143,P60660,0,3.508,0,3.822,0,2.865,0,2.442
P41143,Q9HD67,0.001,1.952,0.004,2.435,0,0.845,0,0.76
P41143,O43795,0,6.162,0,4.941,0,2.927,0,1.829
P41143,O00159,0,3.154,0,2.345,0,1.865,0,1.6
P41143,O94832,0,2.7,0,3.152,0,2.531,0,1.88
P41143,Q12965,0,0.849,0,1.035,0,1.124,0,1.092
P41143,Q9UM54,0,2.63,0,3.165,0,2.424,0,2.312
P41143,Q13459,0,3.238,0,3.359,0,3.766,0,2.275
P41143,Q9NZM1,0.666,13.937,0.66,7.847,0.263,4.7,0,3.639
P41143,O75113,0.039,5.109,0.004,1.428,0,3.992,0,2.226
P41143,P41227,0,3.715,0,3.131,0,3.291,0,3.081
P41143,Q9BXJ9,0,3.801,0,4.874,0,4.265,0.004,4.559
P41143,Q96RE7,0,2.417,0,1.791,0,2.591,0,1.801
P41143,Q13564,0.001,3.109,0.061,3.366,0.004,3.188,0.015,3.976
P41143,P43490,0,2.564,0,2.193,0,2.203,0,2.686
P41143,P55209,0,4.277,0,4.66,0,5.235,0,3.409
P41143,Q99733,0.003,1.758,0.014,1.943,0,2.829,0.004,3.434
P41143,Q99747,0.968,14.87,0.951,12.202,0.667,7.134,0.95,11.519
P41143,O43776,0,2.751,0,1.539,0,2.745,0.001,3.321
P41143,Q9H0A0,0,2.452,0.001,4.752,0.018,3.499,0.001,3.787
P41143,O60934,0,2.649,0,2.91,0,4.865,0,4.797
P41143,Q15021,0,2.934,0,2.382,0,3.094,0,3.032
P41143,P42695,0,3.319,0,3.649,0,3.1,0,2.215
P41143,Q9BPX3,0.196,4.675,0.001,3.229,0.003,4.004,0,2.895
P41143,Q15003,0,2.236,0,2.544,0,2.751,0,2.127
P41143,Q09161,0,2.878,0,3.156,0,3.779,0,3.518
P41143,Q9UBB6,0,1.566,0,1.56,0,1.769,0,1.754
P41143,Q9Y2A7,0,13.858,0,11.416,0,6.653,0,5.369
P41143,Q92542,0,2.193,0,2.549,0.073,5.982,0.001,3.662
P41143,P20929,0,2.286,0,2.953,0,1.224,0,5.107
P41143,Q96PU5,0.161,1.54,0.001,2.884,0.472,4.257,0.522,4.869
P41143,Q8TD19,0,2.563,0,1.94,0,2.013,0,2.767
P41143,Q9UMX5,0.332,1.999,0,3.12,0.02,1.845,0.002,1.808
P41143,P48681,0,1.378,0,0.816,0.002,2.056,0,2.19
P41143,P21359,0,4.036,0,4.178,0,3.316,0,2.776
P41143,P35240,0.027,2.296,0.008,3.83,0,2.173,0,2.35
P41143,O95644,0,3.911,0,2.579,0,5.138,0,3.315
P41143,Q12968,0,3.511,0,3.623,0,3.81,0,2.196
P41143,P19838,0,1.654,0,1.532,0,1.86,0,1.952
P41143,Q00653,0.305,4.7,0.296,5.748,0.272,5.432,0.072,5.26
P41143,Q12986,0,2.456,0,2.588,0,2.678,0,2.499
P41143,P55769,0.028,1.783,0.055,3.309,0.024,2.859,0.008,1.531
P41143,Q5SYE7,0,0,0,2.599,0,2.427,0,2.287
P41143,Q6KC79,0,3.727,0,1.906,0.005,3.498,0.003,3.099
P41143,O15226,0,3.585,0,2.057,0,3.386,0,1.978
P41143,Q96D46,0,2.188,0,2.462,0.02,5.344,0.021,6.103
P41143,P15531,0,1.97,0,1.658,0,1.866,0,2.18
P41143,P22392,0.047,2.486,0.069,2.26,0,0.961,0.31,2.37
P41143,P30419,0,1.751,0,1.708,0,1.675,0,1.653
P41143,Q5SY16,0.049,4.508,0.005,3.639,0.072,5.557,0.001,3.63
P41143,Q15233,0,6.969,0,6.209,0,5.903,0,6.237
P41143,P46087,0.237,7.07,0.311,7.814,0.326,8.827,0.091,5.077
P41143,O00567,0,2.904,0,2.443,0,2.687,0,2.718
P41143,Q9Y2X3,0,3.595,0,3.261,0,3.479,0,3.35
P41143,Q04721,0,3.294,0,2.516,0,1.866,0,1.878
P41143,O15118,0.034,4.238,0.004,2.22,0.007,3.672,0.091,2.244
P41143,P55786,0,3.489,0,3.162,0,3.416,0,2.671
P41143,Q8TAT6,0.639,6.86,0.329,3.103,0.524,8.349,0.484,7.721
P41143,P06748,0.006,26.694,0.002,26.825,0.003,29.645,0.044,41.556
P41143,P04150,0,2.216,0,2.19,0,2.295,0,1.265
P41143,Q9UHY1,0,2.958,0,3.768,0,2.92,0,3.417
P41143,O43847,0,2.671,0,2.169,0,2.424,0,2.752
P41143,Q7Z2Y5,0,2.539,0,1.735,0,5.811,0,4.077
P41143,O95478,0,0,0.319,1.698,0,1.358,0,1.332
P41143,Q96L73,0.293,6.241,0.086,5.138,0,4.042,0.009,3.613
P41143,P46459,0.039,4.761,0.023,4.586,0.01,3.723,0,3.379
P41143,Q08J23,0,3.538,0,4.066,0.001,3.658,0,3.337
P41143,P53384,0.072,5.843,0.009,4.527,0,3.212,0,3.393
P41143,Q9Y5Y2,0,1.838,0,3.664,0,3.672,0,2.225
P41143,Q9Y266,0,3.394,0,3.765,0,3.286,0,3.97
P41143,O43809,0.07,5.649,0.033,4.764,0.001,4.015,0,2.072
P41143,Q7Z417,0,2.271,0,2.457,0,2.756,0,2.059
P41143,Q14980,0,4.784,0,6.375,0,6.776,0,6.683
P41143,P49757,0,3.08,0.002,3.998,0,2.779,0,2.625
P41143,P57740,0,3.051,0,3.231,0,3.317,0,3.473
P41143,P49790,0,5.253,0,4.894,0,3.763,0,4.984
P41143,O75694,0,3.558,0,3.251,0,4.435,0,4.002
P41143,Q12769,0.17,6.543,0.336,5.049,0.003,4.314,0.015,3.935
P41143,Q92621,0,2.035,0,2.486,0,2.845,0,2.54
P41143,Q8TEM1,0,4.068,0,3.169,0,3.479,0,1.716
P41143,P35658,0,3.217,0,2.791,0,2.817,0,3.299
P41143,Q9BW27,0,0.613,0,1.396,0,1.584,0,1.595
P41143,Q99567,0,2.779,0,3.008,0,3.092,0,3.017
P41143,Q8N1F7,0.044,4.46,0.04,4.288,0.061,5.3,0.07,6.386
P41143,P52948,0.174,4.566,0.218,6.418,0.001,4.547,0.149,4.656
P41143,Q16625,0,6.673,0,6.168,0,3.415,0,2.768
P41143,O75665,0.016,2.457,0,0,0.002,3.273,0,1.73
P41143,Q9NZT2,0,3.185,0,3.63,0,2.845,0,3.456
P41143,O15294,0,2.761,0,2.844,0,2.91,0,3.705
P41143,Q9NTK5,0.177,6.197,0.295,5.557,0.001,4.114,0,3.589
P41143,P22059,0,3.134,0,3.264,0,3.148,0,3.782
P41143,Q9BXB5,0,1.662,0,3.156,0,3.366,0,3.52
P41143,Q9BXB4,0,3.041,0,2.7,0,2.873,0,3.749
P41143,Q9H4L5,0,2.008,0,1.936,0,2.297,0,2.708
P41143,Q96SU4,0,3.554,0,3.331,0,3.367,0.058,4.876
P41143,Q9NRP0,0,0,0,3.042,0,0,0,0
P41143,Q96FW1,0,6.414,0,6.506,0,7.607,0,7.842
P41143,Q01804,0,3.297,0,3.549,0,3.306,0,3.47
P41143,Q8N573,0,2.727,0,5.017,0,5.017,0.001,5.097
P41143,O95747,0.197,4.866,0.163,7.002,0.148,3.609,0,5.188
P41143,P13674,0.026,3.669,0,2.699,0,2.461,0,2.252
P41143,P07237,0,4.401,0,4.962,0,3.052,0,2.859
P41143,P11940,0,5.715,0,7.508,0,10.075,0,11.188
P41143,Q13310,0,8.009,0,9.26,0,12.039,0,16.138
P41143,Q9UNF0,0,14.416,0,15.825,0,9.818,0,7.886
P41143,Q9UKS6,0,3.017,0,2.694,0.001,3.34,0,3.244
P41143,P43034,0,1.997,0.21,4.607,0,4.375,0,4.836
P41143,Q9NWQ8,0,0,0,0,0,1.169,0,0
P41143,P22234,0,1508.806,0,3180.635,0,1125.849,0,1838.522
P41143,Q9H074,0,2.92,0,2.943,0,2.59,0,2.915
P41143,Q13177,0,3.683,0.002,4.218,0,3.997,0.001,3.902
P41143,O96013,0.001,2.971,0,2.535,0.001,1.367,0,2.516
P41143,Q8WX93,0.004,3.084,0.004,3.146,0,3.06,0,2.779
P41143,O75781,0.001,3.304,0,2.598,0.001,2.959,0,2.027
P41143,Q9NVE7,0,2.124,0,2.324,0,2.374,0,2.998
P41143,Q8NDF8,0,2.804,0,3.391,0,4.086,0.016,4.722
P41143,P51003,0,0,0,0,0,3.813,0,0
P41143,Q8TEW0,0,2.059,0,2.263,0,2.055,0,1.549
P41143,Q9BYG5,0,2.158,0,2.499,0,2.489,0,2.241
P41143,P09874,0,119.284,0,194.847,0,215.742,0,172.311
P41143,Q96RG2,0,2.883,0,2.525,0,2.569,0,2.568
P41143,Q86TB9,0,4.357,0,2.459,0.312,2.821,0,4.145
P41143,Q96IZ0,0,2.255,0,2.601,0,2.177,0,2.771
P41143,P11498,0,3904176.528,0,66670260.99,0,206964634.9,0,145263182
P41143,Q15365,0,64.239,0,67.252,0,97.671,0,100.855
P41143,Q15366,0,22.655,0,31.807,0,29.089,0,51.057
P41143,P05165,0,34.564,0,34.143,0,52.212,0,50.178
P41143,P05166,0,17.686,0,19.698,0,15.909,0,15.23
P41143,O60245,0,3.718,0,3.293,0,2.066,0,1.992
P41143,Q15154,0,2.138,0,2.028,0,2.186,0,2.611
P41143,P22061,0,0.786,0.001,3.35,0.001,3.444,0,1.827
P41143,P12004,0.032,11.419,0.072,12.914,0.025,11.458,0.003,7.608
P41143,P29122,0,0,0,1.681,0,0,0,0
P41143,Q9UHG3,0,1.123,0,2.001,0,2.046,0,0.83
P41143,P49585,0,0,0,0,0,0,0,0
P41143,O14737,0,3.577,0,3.753,0,4.328,0,3.954
P41143,O75340,0.026,2.312,0.035,4.515,0.016,4.015,0.001,3.686
P41143,Q8WUM4,0,86.891,0,148.354,0,276.743,0,351.509
P41143,Q5VU43,0.215,2.921,0.092,6.597,0.21,5.839,0.005,4.623
P41143,O76074,0.064,5,0,0,0.008,4.095,0,3.896
P41143,P30101,0,10.063,0,3.591,0,8.335,0,3.375
P41143,P13667,0,5.197,0,8.148,0,6.671,0,5.211
P41143,Q15084,0,4.068,0,3.557,0.145,3.529,0,2.686
P41143,O00151,0,17.519,0,16.549,0,11.993,0,8.645
P41143,Q53GG5,0,3.637,0,3.399,0,2.891,0,3.323
P41143,Q96HC4,0,10.456,0,9.75,0,8.614,0,7.355
P41143,Q9NR12,0.034,1.87,0,2.698,0,2.398,0,1.238
P41143,Q5EBL8,0,0,0.068,2.674,0,1.15,0,0
P41143,Q9H792,0,2.541,0,1.403,0,1.675,0,3.058
P41143,Q9UBV8,0,2.785,0,2.535,0,3.308,0,3.413
P41143,Q86TG7,0,1.759,0,1.646,0,1.974,0,2.132
P41143,Q9BRX2,0,2.788,0,3.064,0,2.364,0,2.647
P41143,P12955,0.06,6.561,0.325,5.614,0.486,5.78,0,3.911
P41143,O00541,0,2.414,0,2.907,0.002,5.496,0,6.214
P41143,O75381,0.333,4.661,0.333,3.122,0,1.823,0,1.509
P41143,O15067,0,2.879,0,2.626,0,2.596,0,2.778
P41143,P17858,0.016,2.201,0.036,4.492,0.019,3.923,0.04,4.776
P41143,P08237,0.339,7.403,0,3.999,0.271,8.563,0.083,8.511
P41143,Q01813,0.223,10.724,0.078,6.672,0.144,2.678,0.197,6.125
P41143,P07737,0,7.635,0,7.428,0,8.235,0,11.073
P41143,P35080,0,0.754,0,1.805,0,2.108,0.005,2.496
P41143,P18669,0,1.892,0,2.265,0,2.19,0.014,1.392
P41143,Q96HS1,0,1.875,0,1.639,0,1.957,0,1.92
P41143,P52209,0.003,4.302,0.009,3.934,0,3.838,0.013,4.347
P41143,P00558,0,0,0,0,0,1.666,0,1.63
P41143,O95394,0,1.501,0,1.537,0,0.973,0,0.988
P41143,P35232,0.17,9.209,0.313,7.58,0.266,5.812,0.324,6.135
P41143,Q99623,0.003,7.203,0.006,8.148,0.004,8.639,0.005,12.048
P41143,Q92576,0,1.971,0,2.177,0,2.081,0,1.588
P41143,Q8IWS0,0,3.554,0,3.607,0,3.376,0.001,4.174
P41143,O43175,0,32.289,0,54.589,0,33.686,0,56.292
P41143,P46020,0,3.43,0,2.992,0,1.34,0,2.683
P41143,Q86SQ0,0,2.832,0,2.849,0,2.237,0,2.283
P41143,Q9NRX4,0.01,3.23,0.009,3.785,0.011,3.611,0.002,3.525
P41143,P42356,0,6.03,0,4.765,0,3.816,0,2.848
P41143,Q9UBF8,0.003,1.474,0,0,0.001,2.151,0.274,2.563
P41143,Q13492,0.591,33.143,0.615,31.812,0.004,10.152,0.001,8.612
P41143,Q92643,0.003,2.901,0,3.991,0.008,2.106,0,1.873
P41143,Q969N2,0,0,0,0,0,2.627,0,3.965
P41143,O00443,0,3.273,0,3.44,0,3.285,0,3.124
P41143,Q8NEB9,0,1.744,0.333,4.544,0,2.98,0.002,3.311
P41143,P27986,0,0.982,0,0,0,1.231,0,0
P41143,O00459,0,2.378,0,2.732,0,5.538,0.001,6.016
P41143,Q99570,0,2.123,0,4.441,0.002,2.595,0.003,4.681
P41143,Q9Y2I7,0.019,4.719,0.04,5.261,0.018,4.645,0.002,4.096
P41143,P78356,0,1.34,0,0.793,0,1.658,0,1.687
P41143,Q8TBX8,0,2.432,0,3.082,0,2.617,0,2.675
P41143,Q99755,0,3.678,0,3.009,0,2.739,0,3.379
P41143,O43164,0,2.108,0,2.721,0,2.828,0,2.989
P41143,P14618,0,35.718,0,53.75,0,29.764,0,47.411
P41143,Q16513,0,11.909,0,9.367,0,6.432,0,6.592
P41143,Q13835,0,1.824,0,1.05,0,1.043,0,1.832
P41143,Q99959,0,2.726,0,2.195,0,2.195,0,1.765
P41143,Q99569,0,2.447,0,2.13,0,2.368,0,2.073
P41143,Q9Y263,0.059,6.153,0.03,2.979,0.003,4.062,0.001,3.753
P41143,Q01970,0,2.414,0,2.197,0,2.191,0,1.749
P41143,P19174,0,2.155,0,2.682,0,2.879,0,2.649
P41143,Q15149,0.329,9.126,0.331,5.827,0.066,6.103,0,0
P41143,Q9HAU0,0.005,2.544,0.002,1.858,0.015,3.809,0.007,3.696
P41143,O60664,0,4.453,0,3.783,0,4.985,0,4.169
P41143,P53350,0,3.026,0,2.625,0,4.212,0,3.293
P41143,Q02809,0,2.378,0,2.864,0,2.781,0,1.53
P41143,O60568,0,0.946,0.004,1.188,0.014,2.623,0,0
P41143,Q14651,0,2.671,0,2.706,0,2.161,0,2.091
P41143,P13797,0,1133.744,0,924.92,0,267.617,0,84.068
P41143,O15162,0.005,2.713,0.016,2.825,0.006,2.937,0,1.35
P41143,O15031,0,2.24,0,2.222,0,2.353,0,1.793
P41143,Q8IYS1,0,0,0.001,1.562,0,1.377,0,1.269
P41143,P29590,0,1.745,0,3.475,0,7.21,0,3.133
P41143,O15305,0,2.789,0,2.965,0,2.991,0,3.116
P41143,P54277,0.333,4.704,0,0,0,1.815,0,2.618
P41143,Q9NRX1,0,3.593,0.001,2.552,0,0,0.151,3.782
P41143,P09884,0,2.096,0,2.108,0,2.318,0.325,5.276
P41143,P24928,0,3.153,0,3.156,0,3.401,0,3.138
P41143,P30876,0,3.971,0,4.425,0.001,4.695,0,3.287
P41143,O14802,0.662,22.829,0.655,13.841,0.626,9.023,0.162,4.4
P41143,Q15181,0,6.304,0,7.101,0,6.629,0,3.618
P41143,Q9NQ55,0.061,6.09,0.01,2.738,0,2.225,0,2.38
P41143,Q06203,0,3.019,0.001,3.042,0,2.567,0,2.329
P41143,Q13136,0,3.722,0,3.474,0,3.004,0,2.334
P41143,Q86W92,0,2.542,0,2.616,0,2.591,0,2.261
P41143,P62937,0.019,1.594,0.014,1.562,0.004,0.785,0,2.044
P41143,Q13427,0,3.636,0,3.825,0,3.877,0,3.515
P41143,O15355,0.003,4.805,0.004,3.979,0,4.407,0,3.788
P41143,Q9Y570,0.162,5.941,0.284,7.801,0.349,8.215,0.444,9.523
P41143,P62136,0,3.31,0,3.099,0,2.945,0,2.148
P41143,P62140,0,0.545,0,1.028,0,0.606,0,1.428
P41143,P36873,0,0.979,0,2.058,0,1.046,0,0.944
P41143,O14974,0,8.951,0,10.494,0,10.368,0,7.497
P41143,Q6NYC8,0,2.363,0,2.185,0,2.65,0,2.829
P41143,Q6ZMI0,0,2.351,0.29,5.24,0.006,5.09,0,2.94
P41143,P67775,0,0,0,0,0,0,0,0
P41143,P30153,0,5.529,0,6.071,0,4.701,0,5.965
P41143,P63151,0.065,5.767,0.007,1.234,0.012,3.575,0.004,3.05
P41143,Q14738,0,2.894,0,3.386,0,4.236,0,4.902
P41143,P53041,0,2.396,0,2.379,0.001,2.808,0,2.966
P41143,Q9UPN7,0.035,2.104,0.012,4.075,0,1.202,0,1.71
P41143,O75170,0,2.99,0,2.772,0,2.792,0,3.123
P41143,Q5H9R7,0,4.468,0,3.928,0,5.023,0,5.921
P41143,Q06830,0,531.159,0,752.441,0,2311.203,0,4154.826
P41143,P32119,0,17.38,0,26.207,0,30.552,0,50.899
P41143,Q13162,0.023,2.693,0.307,5.622,0.332,3.997,0.02,2.334
P41143,P30041,0,32.033,0,43.366,0,39.809,0,32.224
P41143,P48147,0,0,0,1.643,0.333,6.504,0,0
P41143,Q13131,0,2.615,0,2.907,0,2.796,0,2.399
P41143,P17612,0.026,2.913,0.014,4.473,0.003,2.475,0.003,1.496
P41143,P54619,0,2.769,0,2.967,0,2.624,0,2.48
P41143,P10644,0,0,0.039,4.591,0.01,2.33,0.158,4.487
P41143,P13861,0,0.883,0,1.845,0,1.204,0,1.329
P41143,P41743,0,6.853,0,8.458,0,4.916,0,4.138
P41143,P14314,0,2.495,0.012,4.165,0,1.428,0,1.177
P41143,P78527,0,356113.945,0,739670.406,0,2572055.906,0,2697157.015
P41143,Q99873,0,61.685,0,72.857,0,54.747,0,77.793
P41143,O60678,0.002,3.799,0.017,3.974,0.068,5.076,0.028,2.473
P41143,O14744,0,5.576,0,8.191,0,8.237,0,9.447
P41143,Q92786,0.653,10.439,0.417,8.313,0.795,8.061,0.657,7.228
P41143,Q9UMS4,0.08,5.948,0.12,6.712,0.012,4.213,0.06,5.349
P41143,Q5VTL8,0,3.376,0,3.816,0,3.062,0,3.319
P41143,O75400,0,3.35,0,3.699,0,2.515,0,3.288
P41143,Q6P2Q9,0,3.589,0,2.961,0,2.933,0,2.641
P41143,Q5THK1,0,2.606,0,2.849,0,2.637,0,3.038
P41143,P48634,0,2.789,0,3.472,0,3.286,0,3.023
P41143,Q5JSZ5,0.015,4.435,0,3.676,0,3.003,0,2.555
P41143,Q9Y520,0,21.87,0,37.693,0,28.83,0,25.104
P41143,P35030,0,1.299,0,1.418,0.013,4.607,0.033,1.839
P41143,P25789,0.027,2.838,0.008,4.447,0,2.224,0.001,3.933
P41143,P62191,0,2.567,0,2.63,0,2.776,0,3.77
P41143,P35998,0,3.481,0,2.735,0,2.566,0,2.309
P41143,P17980,0.003,3.435,0.01,3.805,0.003,3.587,0.008,3.946
P41143,P43686,0,2.699,0.001,3.266,0.002,3.909,0.014,4.823
P41143,P62195,0,3.384,0,3.23,0,3.831,0,4.753
P41143,P62333,0,2.934,0,2.68,0,2.903,0.001,3.625
P41143,Q99460,0,1.287,0.001,2.209,0,2.089,0.002,2.249
P41143,O75832,0.058,5.428,0.016,3.951,0.013,4.066,0.003,3.768
P41143,O00487,0.021,5.033,0.257,5.95,0.333,6.652,0.354,6.569
P41143,Q13200,0,7.187,0.001,8.795,0,8.625,0.001,11.485
P41143,O43242,0.011,7.453,0.004,5.619,0.007,8.115,0.001,6.401
P41143,Q06323,0,3.745,0,4.204,0.001,2.811,0,5.003
P41143,Q9UL46,0,1.87,0,1.225,0.011,2.782,0.006,2.871
P41143,Q92530,0,1.677,0,1.944,0,1.157,0,1.203
P41143,P26599,0,3.533,0,4.131,0,3.374,0,4.169
P41143,P48651,0,2.753,0,3.028,0,3.15,0,2.534
P41143,Q15185,0,1.222,0,2.988,0.002,3.152,0.002,3.085
P41143,Q9P2B2,0,0,0,0,0,0.931,0,0
P41143,Q05397,0,4.367,0,2.676,0,5.126,0,3.123
P41143,Q9P035,0.005,2.478,0.02,2.939,0.071,3.499,0.022,3.672
P41143,P18031,0,4.594,0,5.716,0,5.123,0.001,6.601
P41143,Q06124,0,3.196,0,3.602,0,3.389,0,3.324
P41143,Q05209,0,1.975,0,2.205,0,1.909,0,1.772
P41143,Q12923,0,2.977,0,3.249,0,2.751,0,2.142
P41143,Q15678,0,3.026,0,1.829,0,3.549,0,3.624
P41143,Q9H3S7,0,2.651,0.001,9.783,0,15.159,0,10.737
P41143,P43378,0,3.75,0,2.399,0.004,4.565,0,2.184
P41143,P18433,0,0.774,0,0.888,0,0.988,0,1.108
P41143,P10586,0,2.04,0,2.125,0,1.849,0,0
P41143,Q6NZI2,0.001,2.68,0,2.836,0,3.272,0,2.315
P41143,Q9UHX1,0,3.942,0,2.226,0,2.43,0,2.376
P41143,Q14671,0,3.089,0,3.267,0,2.807,0,3.188
P41143,P15151,0,1.491,0,1.592,0,1.402,0,1.118
P41143,Q92692,0,2.238,0,2.569,0,2.317,0,1.765
P41143,Q15269,0,0,0,0,0.286,1.914,0.004,1.82
P41143,P49023,0,1.902,0,2.092,0,1.94,0,1.914
P41143,Q96C36,0.323,8.151,0.004,4.922,0.333,3.607,0,0
P41143,P11216,0,2.822,0,2.354,0,2.512,0,2.196
P41143,P06737,0,4.853,0,5.574,0,0,0,4.069
P41143,P47897,0,9.076,0,13.535,0,11.777,0,17.546
P41143,Q15032,0.042,3.232,0.002,2.811,0,4.237,0.001,4.068
P41143,P61026,0,2.874,0,3.448,0,3.571,0,3.691
P41143,Q6WKZ4,0,2.293,0,2.412,0,2.615,0,2.717
P41143,P51153,0,1.715,0,2.073,0,3.219,0,3.182
P41143,P61106,0,2.559,0,3.759,0,10.541,0.001,8.954
P41143,Q9NP72,0.523,12.995,0.547,8.515,0.517,9.1,0.465,4.568
P41143,P62820,0.091,6.162,0.062,5.093,0.08,5.989,0.082,7.247
P41143,Q9UL25,0.012,1.523,0.293,1.473,0,2.152,0,1.159
P41143,P61019,0.023,4.275,0.004,2.103,0,3.777,0.336,5.772
P41143,Q9BZG1,0,2.96,0,3.953,0,4.279,0.006,2.611
P41143,Q15286,0,3.104,0,2.568,0,2.393,0,2.154
P41143,Q15042,0,3.001,0,2.932,0,3.347,0.002,4.121
P41143,Q9H2M9,0,3.364,0,3.725,0,3.842,0,4.1
P41143,P20339,0.019,4.199,0.002,3.931,0.029,4.856,0,3.829
P41143,P61020,0.013,4.053,0.029,4.712,0.069,5.379,0.021,3.466
P41143,P51148,0.001,4.945,0.108,7.064,0.319,11.84,0.298,11.963
P41143,P51149,0.019,4.27,0.012,3.979,0.076,9.733,0.273,34.309
P41143,P61006,0.001,2.888,0.008,3.554,0.001,1.854,0.006,3.725
P41143,P51151,0.001,2.068,0.001,2.116,0.012,3.929,0.032,4.382
P41143,Q15276,0.201,3.974,0.15,6.798,0.284,7.18,0.295,7.091
P41143,Q9Y3P9,0.003,3.347,0.07,4.104,0.001,2.816,0.002,2.284
P41143,Q3YEC7,0,3.259,0,3.174,0,3.416,0,2.759
P41143,P63000,0,3.033,0,3.022,0,1.961,0,1.937
P41143,Q9H0H5,0,2.25,0,2.502,0,2.722,0,2.696
P41143,Q92878,0,2.15,0,2.535,0,2.747,0,2.88
P41143,Q7Z5J4,0,0,0,1.669,0,0,0,0
P41143,Q9P0K7,0,5.368,0,5.079,0,5.362,0,3.329
P41143,P11233,0,2.797,0,2.868,0,2.111,0,1.742
P41143,Q15311,0,2.48,0,2.648,0,2.672,0,2.791
P41143,Q86X10,0,1.504,0,1.685,0,1.55,0,1.553
P41143,Q9UKM9,0.024,2.47,0,2.176,0,1.987,0.001,5.375
P41143,P62826,0,408.299,0,716.978,0,850.039,0,1225.251
P41143,P43487,0,4.78,0,6.561,0,5.552,0,5.718
P41143,P49792,0,52.03,0,73.022,0,89.356,0,241.542
P41143,Q9H6Z4,0,3.065,0,1.776,0,1.991,0,2.104
P41143,Q96S59,0,2.374,0,2.753,0,3.246,0,3.351
P41143,P46060,0,10.793,0,16.737,0,19.927,0,19.466
P41143,P61225,0.019,1.646,0.017,2.89,0,2.567,0,0
P41143,Q70E73,0.657,3.911,0,0,0,0,0,1.737
P41143,P54136,0,57.12,0,101.28,0,179.169,0,204.069
P41143,Q9UJF2,0.003,4.572,0.016,4.987,0.004,5.95,0.214,2.094
P41143,Q02833,0.002,1.053,0.335,13.663,0.333,9.647,0.333,6.84
P41143,Q8TDY2,0.007,1.798,0.016,6.513,0.004,6.933,0.001,9.081
P41143,Q09028,0,2.961,0,2.305,0,1.175,0.001,2.965
P41143,Q16576,0.003,2.666,0.011,3.23,0.01,2.906,0.011,2.69
P41143,Q96PK6,0.076,4.912,0.049,4.484,0.035,4.027,0.011,3.98
P41143,P98179,0.036,3.014,0.029,4.61,0,3.43,0,3.934
P41143,Q96EV2,0,6.816,0,4.52,0,8.649,0.01,5.744
P41143,Q14498,0,2.691,0,3.419,0,3.007,0,3.753
P41143,Q9BWF3,0,0.92,0,2.034,0,2.077,0.002,2.315
P41143,P38159,0,0,0,0,0,0,0,0
P41143,Q9P258,0,2.35,0,2.409,0,2.536,0,2.38
P41143,Q15293,0,2.432,0,1.214,0,1.259,0,2.1
P41143,Q14257,0,0,0,0.699,0,0,0,1.859
P41143,P35241,0,3.423,0,2.394,0,1.916,0,1.419
P41143,P46063,0,2.986,0,2.916,0,3.233,0.042,3.966
P41143,Q04864,0.623,20.997,0.473,13.189,0.008,5.117,0,4.154
P41143,Q04206,0,2.484,0,2.4,0,2.497,0,3.635
P41143,Q9BWE0,0,0,0,0,0,0,0,0
P41143,Q96D71,0.147,7.534,0.121,6.2,0.007,4.67,0.023,4.218
P41143,O15258,0,0.61,0,0.645,0,0.847,0,1.012
P41143,P40938,0,3.747,0,4.01,0,4.166,0.001,4.374
P41143,Q14699,0,2.571,0,2.969,0,1.199,0,1.184
P41143,Q6NTF9,0,2.697,0,1.618,0,3.145,0.001,2.967
P41143,Q15382,0.038,2.254,0.036,3.037,0.006,2.113,0.003,2.111
P41143,P61586,0,4.344,0,4.208,0,4.791,0,3.789
P41143,P62745,0,1.421,0,1.593,0,0.972,0,2.027
P41143,P84095,0,3.465,0.042,4.115,0,3.297,0.016,4.329
P41143,Q6R327,0,2.365,0,2.502,0,2.582,0,2.716
P41143,Q5UIP0,0,5.486,0,5.832,0,4.677,0,4.755
P41143,Q9BVS4,0.078,2.043,0.056,4.845,0.267,2.541,0.217,5.804
P41143,O43353,0.008,1.015,0.009,3.271,0.001,1.708,0,0.775
P41143,Q9Y3C5,0.333,3.308,0.333,2.264,0.033,5.315,0.003,2.315
P41143,Q8ND24,0,2.598,0,2.8,0,2.364,0,2.769
P41143,Q96BH1,0,1.668,0,3.418,0,2.428,0,4.286
P41143,P13489,0,3.209,0,3.958,0,3.999,0,4.928
P41143,Q15287,0,3.044,0,3.182,0,2.869,0,2.785
P41143,Q9Y6N7,0,1.581,0,1.306,0,1.203,0,1.219
P41143,Q13464,0,2.817,0,2.783,0,2.789,0,2.516
P41143,O75116,0,5.855,0,7.407,0,6.268,0,6.258
P41143,O75695,0.001,1.677,0.002,1.823,0,3.487,0,1.25
P41143,Q8IXW5,0,3.29,0,3.427,0,3.48,0,3.615
P41143,Q9H7B2,0,3.546,0,6.549,0,7.052,0,2.811
P41143,P49247,0,2.862,0,2.92,0,2.982,0,3.004
P41143,P27635,0,3.584,0,3.44,0,3.637,0,3.645
P41143,P62906,0.027,4.926,0.016,3.501,0.003,4.272,0.001,4.082
P41143,P62913,0,9.429,0,10.038,0,13.24,0,11.674
P41143,P30050,0.008,3.625,0.006,3.064,0.007,2.948,0.001,2.865
P41143,P26373,0.001,3.222,0,2.839,0,2.775,0,2.708
P41143,P40429,0,9.931,0,7.51,0,9.783,0,7.865
P41143,P50914,0.006,3.625,0.008,3.067,0.002,3.032,0.002,3.264
P41143,P61313,0,241.629,0,435.886,0,1856.936,0,1164.015
P41143,P18621,0,3.316,0,3.162,0,2.724,0,2.776
P41143,Q07020,0,9.985,0,12.322,0,14.839,0,11.054
P41143,Q02543,0,68.6,0,65.562,0,91.451,0,128.628
P41143,P84098,0,3.648,0,3.979,0,3.228,0,3.133
P41143,P46778,0,9.861,0,5.832,0,9.659,0,10.822
P41143,P35268,0.061,4.873,0.024,0.901,0.033,3.812,0.019,3.5
P41143,P62829,0,10.574,0,9.306,0,11.153,0,11.807
P41143,P62750,0.001,2.521,0.001,2.699,0,1.28,0,1.148
P41143,P83731,0.009,4.776,0,2.369,0,2.726,0,2.2
P41143,P61254,0,2.615,0,2.505,0,2.668,0,2.642
P41143,P61353,0.089,4.296,0.165,2.442,0.155,4.407,0.092,4.694
P41143,P46776,0,3.388,0,2.852,0,2.405,0,2.363
P41143,P46779,0,15.877,0,17.76,0,23.725,0,26.964
P41143,P47914,0,3.12,0,3.348,0,2.907,0,2.764
P41143,P39023,0,16.503,0,17.002,0,20.746,0,23.076
P41143,P62888,0.155,3.692,0.097,3.323,0.333,4.402,0.011,3.59
P41143,P62899,0.013,3.107,0,2.013,0,0.731,0.001,2.049
P41143,P62910,0,3.264,0,2.912,0,2.631,0,2.306
P41143,P49207,0.002,4.434,0.002,5.593,0.001,4.403,0,3.486
P41143,P18077,0,2.269,0,2.187,0,2.333,0,2.345
P41143,Q9Y3U8,0,1.277,0,2.409,0,2.277,0,2.739
P41143,P83881,0.022,3.89,0,3.282,0,3.03,0,2.65
P41143,P61513,0,3.14,0,2.868,0,3.116,0,2.93
P41143,P36578,0,108.089,0,149.027,0,169.538,0,208.984
P41143,P46777,0,4.454,0,5.153,0,4.144,0,4.935
P41143,Q02878,0,6.078,0,8.839,0,7.522,0,7.669
P41143,P18124,0,22.42,0,16.884,0,27.854,0,22.228
P41143,P62424,0.002,20.752,0.001,16.284,0.001,17.686,0.001,19.069
P41143,P62917,0,3.719,0,2.847,0,3.386,0,2.305
P41143,P32969,0.007,10.653,0.006,6.984,0.01,12.296,0.006,6.94
P41143,P05388,0.333,2.106,0.334,3.841,0.035,1.853,0,0
P41143,P05386,0,2.91,0,3.003,0,2.862,0,2.701
P41143,P05387,0,1.37,0,1.353,0,2.258,0,1.166
P41143,P04843,0,3.613,0.019,4.409,0.001,4.656,0,4.088
P41143,P04844,0.231,6.995,0.254,8.025,0.171,7.606,0.167,7.172
P41143,P62280,0,29.166,0,26.792,0,33.218,0,43.923
P41143,P25398,0.028,4.893,0.003,4.051,0.004,3.823,0,2.54
P41143,P62263,0,2.625,0,2.299,0.001,2.27,0.001,2.401
P41143,P62244,0,16.786,0,22.99,0,24.363,0,14.707
P41143,P62249,0.01,3.22,0.002,2.622,0.004,2.963,0.001,2.518
P41143,P62269,0.042,4.217,0.007,2.976,0,2.241,0,2.128
P41143,P15880,0.002,16.925,0.002,14.163,0.003,16.86,0,15.944
P41143,P62266,0,4.791,0,2.316,0,2.997,0,3.295
P41143,P62847,0,5.885,0,4.542,0,3.884,0,2.965
P41143,P42677,0,2.676,0,2.623,0,2.543,0,2.469
P41143,P62979,0,3.149,0,2.081,0,3.212,0,2.553
P41143,Q71UM5,0,1.357,0,1.508,0,1.888,0,2.103
P41143,P23396,0.001,196.289,0.001,169.691,0,173.279,0,202.852
P41143,P61247,0,3.206,0,4.072,0,4.547,0,4.384
P41143,P62701,0.029,4.275,0.082,4.696,0.29,4.357,0.238,4.726
P41143,P62753,0,52.88,0,84.798,0,82.865,0,113.93
P41143,P62081,0.059,6.494,0.036,5.369,0.032,5.216,0.023,5.053
P41143,P62241,0,88.592,0,136.354,0,258.238,0,252.004
P41143,P46781,0.001,44.91,0.001,40.11,0,49.794,0,66.753
P41143,P08865,0.151,7.491,0.001,2.443,0,3.824,0,0.917
P41143,Q92600,0,2.601,0,2.818,0,2.637,0,2.908
P41143,Q9HB90,0,3.472,0,2.114,0,3.979,0.674,8.187
P41143,P62070,0,3.513,0,3.222,0,2.483,0,1.65
P41143,Q9P2E9,0,2.626,0,2.414,0,2.669,0,2.657
P41143,P23921,0,14.242,0,23.139,0,18.998,0,32.661
P41143,P31350,0,0.729,0.006,3.244,0.003,1.775,0.022,4.068
P41143,P56182,0.165,5.25,0.001,2.483,0,2.258,0,0
P41143,Q14684,0.333,5.451,0.333,5.947,0.333,6.305,0.333,3.624
P41143,Q96T23,0.011,4.176,0.042,2.752,0.047,4.893,0.035,5.264
P41143,O76021,0.004,3.488,0,2.656,0,2.727,0,2.888
P41143,Q9BST9,0,2.25,0,2.786,0.309,2.173,0.135,4.06
P41143,O95197,0,2.692,0,2.625,0,2.978,0,3.61
P41143,Q9NQC3,0.115,3.041,0.002,2.104,0,0.939,0.159,2.308
P41143,Q96T51,0,2.536,0,2.462,0,3.355,0,2.567
P41143,Q9Y265,0.001,3.242,0.001,3.161,0.007,3.654,0.011,3.644
P41143,Q9Y230,0,2.97,0.001,3.713,0,3.535,0.001,3.597
P41143,P05109,0.044,2.611,0,1.585,0,1.899,0.331,2.435
P41143,Q9UBE0,0.002,1.867,0.018,1.248,0.25,1.352,0.013,2.053
P41143,Q15424,0,3.38,0,3.958,0,3.613,0,3.24
P41143,Q9Y3Z3,0.006,3.622,0.005,3.913,0.001,3.85,0.034,5.15
P41143,O00422,0.058,9.327,0.025,7.922,0,2.262,0,3.317
P41143,Q6UVJ0,0,2.236,0,2.439,0,3.08,0.001,2.446
P41143,O95248,0,2.965,0.003,4.013,0,2.465,0,2.066
P41143,Q6UWP8,0,0,0,0,0.005,5.782,0.111,7.693
P41143,O15126,0,1.197,0,3.573,0.441,5.51,0.362,6.644
P41143,O14828,0.001,5.594,0.542,10.812,0.743,14.974,0.623,19.463
P41143,Q969E2,0,1.353,0,1.664,0,1.63,0,3.592
P41143,Q14160,0,20.6,0,23.623,0,9.093,0,4.685
P41143,Q96KG9,0,2.542,0,3.147,0,3.926,0.003,4.387
P41143,P34741,0,1.226,0,1.369,0,1.54,0,0
P41143,Q96C92,0.041,4.79,0.031,4.278,0.024,3.702,0.023,3.474
P41143,P55735,0,2.795,0,4.158,0,4.517,0,6.307
P41143,O15027,0,32.421,0,52.628,0,76.375,0,116.233
P41143,O75396,0,3.234,0,1.77,0.029,4.665,0.366,5.419
P41143,Q15436,0,3.202,0,3.714,0.001,6.034,0.002,7.316
P41143,Q15437,0,4.143,0,5.422,0,6.386,0.002,7.556
P41143,Q9Y6Y8,0,4.226,0,4.67,0,5.219,0,6.184
P41143,O95486,0.046,3.287,0.091,6.128,0.031,4.976,0.062,5.222
P41143,O95487,0.002,3.926,0.005,4.479,0.033,6.002,0.03,6.476
P41143,P53992,0,3.923,0,5.015,0,8.326,0,10.394
P41143,O94979,0.468,13.017,0.674,9.845,0.588,7.023,0.449,5.848
P41143,P60468,0.001,3.808,0.006,4.143,0.001,3.439,0.003,3.742
P41143,Q9UGP8,0,2.922,0.001,2.779,0.002,3.223,0.004,3.431
P41143,Q9UBV2,0.014,2.061,0,0,0.001,1.732,0,0
P41143,Q02383,0,2.611,0,2.308,0,2.108,0,1.961
P41143,Q9H4L4,0,2.819,0,2.512,0,2.756,0,2.742
P41143,Q9P0V9,0,1.189,0,0.732,0,0.768,0,1.408
P41143,Q9NVA2,0,4.592,0,4.697,0,3.399,0,3.108
P41143,Q15019,0,17.596,0,16.633,0,13.922,0,8.37
P41143,Q16181,0,6.232,0,7.412,0,4.055,0,5.169
P41143,Q9UHD8,0,4.399,0,5.131,0,3.036,0,2.869
P41143,Q8NC51,0,2.739,0,2.627,0,2.732,0,2.881
P41143,P50454,0,4.396,0.001,4.284,0.188,6.814,0.084,4.863
P41143,Q15428,0.033,5.845,0,0,0,2.753,0,2.837
P41143,Q12874,0,3.178,0,3.394,0,3.171,0,3.681
P41143,O75533,0,3.327,0,3.278,0,1.8,0,3.299
P41143,Q13435,0.024,5.75,0.009,3.577,0.009,3.975,0,3.73
P41143,Q15393,0.006,9.681,0.011,10.637,0.009,11.065,0.017,14.232
P41143,P23246,0.022,4.215,0.006,3.473,0.028,4.29,0.027,4.354
P41143,Q9H9B4,0.003,2.822,0.006,1.409,0.006,3.07,0.01,3.23
P41143,Q86YV5,0,2.789,0,3.038,0,2.513,0,2.332
P41143,Q96BR1,0,0,0,0,0,1.097,0,2.851
P41143,O43147,0,2.874,0,3.651,0,1.812,0,3.713
P41143,Q9P0V3,0,3.162,0,1.545,0,2.93,0,1.754
P41143,Q99961,0,0,0,0,0,0,0.035,1.479
P41143,Q9Y371,0,3.29,0,3.095,0,3.681,0,3.844
P41143,Q6UWI4,0,2.971,0,2.683,0,2.963,0,2.794
P41143,O75182,0,2.776,0,5.712,0,7.028,0,0
P41143,Q9P2F8,0,2.038,0,2.138,0,2.495,0,2.69
P41143,Q96BD8,0,2.593,0,1.445,0,2.993,0,2.986
P41143,Q8IX90,0,1.232,0,4.364,0,1.586,0,2.994
P41143,Q15477,0,2.581,0,2.556,0,2.422,0,2.659
P41143,Q9P270,0,0,0.006,1.844,0,0,0,0
P41143,P55011,0,2.072,0,2.184,0,1.945,0,1.516
P41143,P53985,0,7.559,0,5.857,0,5.006,0,3.34
P41143,P41440,0,3.238,0,3.102,0,3.641,0,3.057
P41143,Q15758,0,3.487,0,3.044,0,2.391,0,2.376
P41143,Q02978,0,3.269,0,3.639,0,4.213,0,3.688
P41143,Q00325,0.006,2.384,0.013,2.784,0.001,1.31,0.327,15.493
P41143,P12235,0.565,4.765,0.335,3.963,0.333,2.014,0.31,1.787
P41143,P05141,0.003,6.99,0.007,8.139,0.001,4.845,0,6.089
P41143,P12236,0,2.736,0.001,2.97,0.015,3.319,0,2.338
P41143,Q99808,0,1.143,0.001,2.314,0,2.715,0,1.792
P41143,Q96QD8,0,3.519,0,3.144,0,3.004,0,2.663
P41143,Q9ULF5,0.001,3.52,0,3.421,0,1.92,0,3.211
P41143,Q15043,0.015,3.762,0.013,3.595,0.001,3.23,0.001,0.848
P41143,Q92504,0.301,9.144,0.119,6.001,0.001,3.788,0,3.079
P41143,P08195,0,3.507,0.018,4.951,0.028,4.085,0.001,3.236
P41143,Q01650,0,3.744,0,4.084,0,4.83,0,3.083
P41143,O14745,0,3.032,0,1.057,0,0,0,1.469
P41143,Q9H2G2,0,2.867,0,2.171,0,2.45,0.001,3.13
P41143,Q15796,0,1.226,0,2.26,0,2.888,0,3.17
P41143,P84022,0,2.423,0,2.657,0,2.436,0,2.215
P41143,O00193,0,1.911,0,2.228,0,2.753,0.109,3.421
P41143,Q8IYB5,0,3.36,0,3.749,0,1.863,0,3.476
P41143,P51532,0,3.024,0,4.528,0,4.391,0,4.414
P41143,O60264,0,6.336,0,5.561,0,7.515,0,7.894
P41143,Q14683,0,2.944,0,3.335,0,3.476,0,2.549
P41143,O95347,0,2.652,0,3.643,0,2.772,0,2.958
P41143,Q9UQE7,0,3.302,0,3.353,0,3.339,0,3.175
P41143,Q9NTJ3,0,4.128,0,4.322,0,4.472,0,5.929
P41143,A6NHR9,0,2.461,0,3.065,0,3.164,0,3.023
P41143,Q16637,0,5.432,0,5.724,0,5.25,0,6.29
P41143,P52788,0,3.437,0.002,4.087,0.001,3.188,0.002,2.846
P41143,Q6GMV2,0,3.383,0,1.789,0,3.785,0,3.47
P41143,O00161,0,6.498,0,4.506,0,3.427,0,2.411
P41143,O95721,0,7.548,0,9.185,0,16.261,0,14.05
P41143,Q7KZF4,0,2.682,0,3.099,0,2.908,0,3.22
P41143,O75643,0,2.617,0,2.183,0,2.346,0,2.632
P41143,P08621,0.009,3.991,0.015,3.961,0.055,4.271,0.175,4.9
P41143,P62314,0,3.052,0,2.891,0,2.918,0,2.777
P41143,P62316,0,2.687,0,2.933,0,2.09,0,2.638
P41143,P62318,0.012,3.891,0.014,3.69,0.002,3.124,0,2.551
P41143,P62304,0,2.9,0,3.204,0,3.057,0,2.287
P41143,P62306,0.247,8.335,0.043,5.776,0,1.387,0.001,3.935
P41143,Q13425,0,3.307,0,3.238,0,2.177,0,2.47
P41143,Q13596,0.009,2.692,0.019,4.586,0.026,4.177,0.099,4.25
P41143,Q9UMY4,0.001,1.439,0.031,5.297,0.061,16.118,0.024,13.144
P41143,Q96RF0,0,3.795,0,3.897,0,3.983,0,3.907
P41143,O60749,0.01,3.77,0.042,4.629,0.111,6.459,0.088,6.448
P41143,Q96L92,0,2.901,0.001,7.034,0.051,19.655,0.006,10.194
P41143,Q8TEQ0,0,3.395,0,2.581,0,4.544,0,2.465
P41143,O60493,0,1.721,0.009,25.176,0.004,186.595,0,85.421
P41143,Q9Y5X1,0,2.458,0,2.942,0,2.583,0,3.033
P41143,P35610,0,5.132,0,0,0,1.681,0,1.632
P41143,O94964,0,1.919,0,1.521,0,1.246,0,1.985
P41143,Q99523,0,0,0.593,13.466,0.661,7.066,0.588,10.118
P41143,Q96R06,0,3.177,0,3.753,0,2.934,0,3.777
P41143,O60271,0,10.429,0,12.689,0,20.357,0,40.878
P41143,Q15005,0.382,5.184,0.736,7.487,0.597,6.592,0.333,4.777
P41143,P61009,0.01,1.226,0.024,2.399,0.026,4.82,0.015,2.285
P41143,Q96EA4,0.001,3.632,0,3.556,0.002,4.138,0.001,2.387
P41143,Q5M775,0,1.173,0,1.056,0,1.915,0,1.954
P41143,Q69YQ0,0,3.147,0,4.153,0,3.929,0.001,3.865
P41143,Q8N0X7,0,3.404,0,3.203,0,3.296,0,3.544
P41143,Q13813,0,2969.122,0,4594.343,0,1217.665,0,416.228
P41143,Q01082,0,2031.461,0,5237.994,0,1059.162,0,436.51
P41143,O15020,0,1.517,0,2.649,0,3.051,0,2.892
P41143,O15269,0.002,2.291,0,0.994,0.001,2.423,0,2.207
P41143,O15270,0,2.365,0,2.28,0,3.087,0,2.761
P41143,Q13501,0.003,4.311,0.001,3.442,0.058,6.482,0.008,4.253
P41143,P12931,0,0,0,1.511,0,0,0,0
P41143,Q8WXA9,0,0,0,0,0.047,4.082,0.014,3.793
P41143,O75044,0,1.894,0,1.017,0,0.718,0.001,1.561
P41143,P30626,0.005,3.421,0.003,3.395,0.009,5.208,0.008,5.638
P41143,P09132,0.018,2.198,0.006,2.096,0,3.382,0,3.371
P41143,Q9UHB9,0,1.771,0,1.988,0,3.457,0,1.581
P41143,Q96SB4,0,3.204,0,4.034,0,3.074,0,2.737
P41143,P08240,0,1.568,0,3.621,0,3.84,0,3.717
P41143,Q9Y5M8,0.003,4.383,0.001,3.717,0.16,4.725,0.023,4.617
P41143,Q9UQ35,0,10.838,0,9.964,0,10.873,0.001,11.283
P41143,Q07955,0,3.303,0,3.441,0,2.944,0,3.001
P41143,Q05519,0,1.593,0,0.842,0,1.757,0,1.747
P41143,Q01130,0.377,7.851,0.327,4.677,0.333,4.592,0.197,2.127
P41143,P84103,0,3.732,0,3.505,0,2.807,0,3.526
P41143,Q16629,0,2.819,0,2.107,0,3.076,0,3.057
P41143,P28290,0,1.858,0,1.06,0,3.242,0,3.172
P41143,P51571,0,0,0,1.978,0,0,0,0
P41143,O60232,0.534,4.725,0.334,4.022,0.351,4.344,0.667,4.739
P41143,Q92783,0,2.224,0.001,4.991,0,5.149,0,6.111
P41143,O75886,0,2.647,0,4.354,0.001,4.003,0.001,4.435
P41143,P42224,0,3.242,0,3.257,0,4.43,0,4.186
P41143,P40763,0,2.841,0,3.135,0,3.209,0.001,4.043
P41143,O95793,0,4.168,0,4.364,0,4.873,0,5.784
P41143,P31948,0,3.871,0,5.307,0,5.871,0,6.596
P41143,Q15208,0,4.065,0,2.568,0,3.02,0.001,2.058
P41143,Q13043,0.001,1.849,0,3.19,0,0,0.001,1.796
P41143,Q9UJZ1,0,2.125,0,1.521,0,1.699,0,1.575
P41143,Q9Y3F4,0,5.169,0,5.95,0,5.164,0,5.362
P41143,P46977,0.095,5.099,0.116,5.153,0.056,5.008,0.026,4.67
P41143,Q8TCJ2,0.061,5.194,0.183,4.334,0,3.571,0,3.815
P41143,Q86Y82,0.036,5.612,0.283,25.861,0.207,40.832,0.088,35.135
P41143,O14662,0,0,0.662,5.512,0.666,4.43,0.155,2.982
P41143,Q13190,0.057,3.945,0.047,3.608,0.017,5.879,0,2.85
P41143,O15400,0.132,7.13,0.582,16.103,0.232,29.052,0.015,16.556
P41143,Q9UNK0,0,0,0,1.432,0,1.347,0,2.409
P41143,O00186,0,3.128,0,2.926,0,3.041,0,2.741
P41143,Q8IX01,0,1.854,0,2.175,0,1.828,0,2.159
P41143,P63165,0,3.732,0,3.47,0,2.881,0,4.026
P41143,P61956,0.603,6.12,0.411,5.709,0.002,3.964,0,3.327
P41143,O94901,0,3.428,0,3.631,0,3.641,0,4.173
P41143,Q9UH99,0,0,0,0,0.098,4.977,0.083,4.834
P41143,Q7KZ85,0.059,8.491,0.384,10.03,0.644,12.366,0.167,7.754
P41143,O15260,0,2.374,0.002,4.641,0.007,4.953,0.004,4.853
P41143,Q15022,0,3.74,0.02,3.867,0,2.964,0,3.425
P41143,O95425,0,3.296,0,2.914,0,2.861,0,2.891
P41143,Q96A49,0,1.097,0,2.501,0,2.826,0,1.174
P41143,O60506,0,3.453,0,4.889,0,6.111,0,9.084
P41143,Q8WXH0,0,2.048,0,1.888,0,2.69,0,2.388
P41143,O43760,0.059,5.223,0.33,6.883,0.081,6.229,0.267,10.549
P41143,Q9UMZ2,0,3.256,0,1.56,0,2.787,0.003,3.367
P41143,Q15750,0,2.275,0,2.765,0,2.282,0,2.651
P41143,Q9NYJ8,0.027,5.76,0.001,5.019,0,2.55,0,2.447
P41143,O75410,0.022,2.777,0.01,2.871,0.01,2.096,0.012,2.388
P41143,Q9Y6A5,0,2.465,0,2.531,0,2.572,0,2.857
P41143,Q92804,0,2.557,0,3.494,0,3.035,0,4.415
P41143,Q01995,0.001,4.133,0.126,5.293,0.351,6.107,0.35,7.187
P41143,P37802,0,30.461,0,58.391,0,89.562,0,139.611
P41143,Q9C0D5,0,2.327,0,1.812,0,2.162,0,1.98
P41143,Q7L7X3,0,1.733,0,1.798,0,1.783,0,2.034
P41143,Q13148,0,1.661,0.002,2.1,0.001,2.15,0.002,2.08
P41143,P26639,0,3.949,0,5.175,0,3.793,0,2.946
P41143,Q9BXI6,0,3.566,0,0,0,1.613,0,1.824
P41143,Q4KMP7,0,3.144,0,3.052,0,2.334,0,2.184
P41143,Q8TC07,0,2.753,0,3.349,0,2.819,0,4.633
P41143,O60343,0,3.515,0,3.347,0,3.758,0,3.778
P41143,Q92609,0.005,2.818,0.164,7.736,0.002,6.601,0.01,6.176
P41143,O75347,0,3.754,0.002,4.299,0.001,4.008,0.012,4.439
P41143,Q99426,0,2.672,0,2.809,0,2.731,0,3.007
P41143,Q9BTW9,0.037,4.43,0.036,4.284,0.052,5.037,0.04,4.703
P41143,Q15813,0,2.612,0,5.056,0,4.845,0,4.844
P41143,Q9UHD2,0,1.51,0,3.132,0,3.404,0,3.61
P41143,Q9Y4P3,0.001,4.234,0,3.427,0,3.608,0,3.677
P41143,Q15369,0,3.768,0,2.325,0,2.269,0,2.213
P41143,Q13428,0,3.043,0,2.967,0,2.913,0,3.076
P41143,P17987,0,58.685,0,86.183,0,127.09,0,87.932
P41143,Q9NZ01,0,2.36,0,2.248,0,2.769,0,2.934
P41143,Q9P273,0.001,2.757,0.031,3.402,0,2.315,0.015,4.033
P41143,Q9UGI8,0,6.008,0,5.173,0,5.104,0,4.079
P41143,Q92734,0,9.261,0,35.027,0,102.236,0,116.328
P41143,P02786,0.56,20.616,0.997,320.918,0.97,722.771,0.749,531.372
P41143,Q8WUH2,0,0,0.032,4.222,0.667,6.782,0.008,4.6
P41143,P49221,0,0,0,0,0,1.735,0,1.788
P41143,Q8NI27,0,0,0,0,0,0,0,0
P41143,P52888,0,2.707,0,3.154,0,3.209,0,2.534
P41143,Q9BV44,0,3.113,0,1.715,0,2.938,0,1.785
P41143,Q9NQ88,0,3.265,0,3.648,0,4.036,0.001,4.058
P41143,Q3ZCQ8,0,2.298,0,0,0,1.502,0,2.459
P41143,Q07157,0,45.326,0,45.25,0,19.841,0,8.085
P41143,Q9UDY2,0,10.72,0,9.879,0,8.341,0,5.511
P41143,P04183,0,4.638,0,4.868,0,5.236,0,5.642
P41143,P29401,0.333,5.541,0,0,0.227,3.899,0.007,3.101
P41143,Q9Y490,0,37.81,0,69.461,0,32.882,0,29.018
P41143,Q9BVK6,0.286,10.069,0.603,11.706,0.002,4.219,0.001,3.456
P41143,Q9BVC6,0,1.848,0,3.076,0,2.827,0,1.605
P41143,Q92545,0,1.32,0,2.583,0,0,0,1.883
P41143,Q9UHN6,0,1.575,0,3.057,0,3.855,0.001,2.689
P41143,Q96SK2,0,1.099,0,2.241,0,2.234,0,2.307
P41143,P57088,0.3,4.922,0.327,5.253,0.328,5.068,0.332,4.993
P41143,Q9BTV4,0,0,0,0,0,0,0,0
P41143,Q86T03,0.022,6.266,0.007,3.306,0.333,8.663,0.672,11.861
P41143,P82094,0.073,8.538,0,3.829,0.029,6.148,0.03,5.376
P41143,P42166,0,3.635,0,3.468,0,2.953,0,3.893
P41143,Q9Y275,0,0,0.027,2.483,0.033,5.714,0.01,1.616
P41143,Q9C0C2,0,11.892,0,14.949,0,10.651,0,7.615
P41143,Q92973,0,3.087,0,3.718,0,5.168,0,5.579
P41143,Q9Y5L0,0.333,3.409,0.615,6.919,1,9.824,0.336,8.243
P41143,Q8NDV7,0,2.693,0,2.681,0,2.887,0,2.962
P41143,Q9UPQ9,0,3.045,0,3.709,0,4.67,0,4.629
P41143,Q68CZ2,0,0.817,0,0.816,0,1.045,0,1
P41143,Q9H0E2,0.032,4.425,0.044,4.931,0.108,6.386,0.32,8.599
P41143,O60784,0.02,3.14,0.29,6.184,0.482,6.338,0.985,7.442
P41143,Q9NS69,0.021,2.959,0.011,2.821,0.004,2.669,0.002,1.508
P41143,O96008,0,0.657,0,1.17,0,0.683,0.001,1.528
P41143,P11387,0.333,18.015,0.333,11.291,0.667,12.454,0.333,5.96
P41143,P11388,0,2.878,0,2.59,0,2.804,0,2.728
P41143,Q02880,0,3.605,0.003,3.761,0,4.02,0,3.695
P41143,Q5JTV8,0,0,0,4.127,0,6.328,0,0
P41143,Q8NFQ8,0,0,0,1.717,0,1.62,0,1.619
P41143,P04637,0,8.553,0,8.69,0,8.856,0,8.129
P41143,Q12888,0,2.026,0,2.396,0,2.326,0,2.341
P41143,Q13625,0,3.028,0,2.493,0,2.594,0,1.871
P41143,O14683,0,0,0.28,2.645,0.019,3,0,1.331
P41143,O43399,0.617,10.25,0,0,0.033,3.869,0.016,3.321
P41143,P06753,0,3.46,0,4.468,0,3.968,0,2.707
P41143,P67936,0,2.22,0,1.983,0,2.336,0,1.465
P41143,P29144,0.186,13.539,0.095,6.034,0.334,16.158,0.537,15.819
P41143,P12270,0.005,7.45,0.069,8.908,0.004,5.9,0.032,3.872
P41143,P13693,0,0.78,0,0.825,0,0.905,0,1.854
P41143,Q9ULW0,0,3.249,0,2.785,0,2.933,0,3.035
P41143,Q12933,0,2.2,0,2.199,0,2.428,0,2.162
P41143,Q9Y4K3,0,2.146,0,2.368,0,2.461,0,3.09
P41143,O14545,0,2.631,0,2.742,0,3.104,0,3.059
P41143,Q12931,0.006,6.027,0.023,6.696,0.025,6.836,0.003,5.196
P41143,Q7Z392,0,1.5,0,0,0.001,1.902,0.01,1.969
P41143,Q9Y2L5,0.014,4.96,0.002,4.672,0,4.187,0,3.901
P41143,O60858,0,0,0,1.7,0,3.276,0.001,3.508
P41143,Q14258,0,2.112,0,2.906,0,2.17,0,2.71
P41143,Q13263,0,5.078,0,9.607,0,6.058,0,5.751
P41143,Q9UPN9,0.115,6.917,0.08,5.703,0.267,5.46,0.036,4.75
P41143,O75962,0,2.727,0,2.371,0,2.572,0,2.63
P41143,Q9H2D6,0,1.89,0,1.825,0,1.737,0,1.414
P41143,Q14669,0,4.139,0,4.543,0,4.217,0,4.579
P41143,Q15645,0,3.894,0,3.579,0,4.169,0,4.231
P41143,Q15654,0,2.167,0,2.377,0,2.497,0,2.943
P41143,Q9NXH9,0,3.729,0,3.921,0,3.881,0,4.147
P41143,Q9UI30,0,1.781,0,1.902,0,2.176,0.001,2.369
P41143,Q7Z2T5,0,2.815,0,2.979,0,2.507,0,2.598
P41143,Q9Y4A5,0,3.426,0,2.591,0.001,1.239,0,2.738
P41143,P49815,0,3.265,0,3.016,0,3.074,0,2.883
P41143,Q99816,0,4.116,0,4.428,0,6.179,0,7.675
P41143,Q15631,0,3.777,0,4.122,0.001,4.127,0,3.275
P41143,Q96AE7,0.2,3.432,0,0,0,0,0,0
P41143,Q96AY4,0,0.861,0,0.907,0,1.193,0.008,1.541
P41143,Q6PGP7,0,1.785,0,2.666,0,1.703,0,2.736
P41143,Q8TAM2,0.3,4.665,0.333,2.424,0.322,6.181,0.051,5.863
P41143,Q9UNY4,0,3.096,0,3.462,0,3.962,0,3.271
P41143,P33981,0,3.669,0,5.307,0,3.323,0,4.369
P41143,Q8WZ42,0.144,601.466,0.134,793.395,0.148,1384.375,0.084,268.793
P41143,Q9BQE3,0.007,7.345,0.304,11.291,0,4.538,0.015,17.006
P41143,P07437,0.001,24.704,0.005,35.071,0.01,33.275,0.001,76.981
P41143,Q13885,0,0.805,0,0.889,0,1.06,0,1.802
P41143,Q9BVA1,0.338,5.574,0.331,3.349,0,0,0,1.814
P41143,P04350,0,0.558,0,0,0,0,0.001,0.723
P41143,P68371,0.002,1.122,0.006,6.549,0.003,5.101,0,2.101
P41143,Q9BUF5,0.149,6.066,0.011,3.535,0.35,3.446,0.333,4.736
P41143,Q3ZCM7,0.029,9.51,0.032,7.534,0.181,6.317,0.039,10.534
P41143,P23258,0,1.255,0,0,0,0.923,0,1.672
P41143,Q96CW5,0,3.695,0,3.471,0,3.43,0.001,3.453
P41143,Q96RT7,0,0.806,0,1.693,0,0.84,0,1.99
P41143,P49411,0.045,6.862,0.061,5.921,0.05,5.353,0.026,5.469
P41143,Q12792,0.029,4.328,0.051,4.961,0.017,4.201,0.043,4.735
P41143,P40222,0,3.065,0,3.314,0,3.76,0,3.103
P41143,Q9NUQ3,0,5.524,0,6.238,0,4.52,0,5.37
P41143,P10599,0,2.29,0,2.59,0,2.454,0,2.595
P41143,Q8NBS9,0.311,10.309,0,0,0.341,13.853,0,0
P41143,O14530,0,3.004,0,3.154,0,1.792,0,1.652
P41143,Q16881,0,1.983,0,2.625,0,2.047,0,2.637
P41143,P04818,0,4.302,0.008,4.052,0.005,4.078,0.002,3.949
P41143,Q01081,0,3.317,0,2.099,0,3.813,0,2.776
P41143,P26368,0,2.829,0,3.516,0,2.226,0,3.127
P41143,O15042,0,3.055,0,3.311,0,3.375,0,3.155
P41143,Q9BZF9,0,3.192,0,3.2,0,2.322,0,2.165
P41143,P22314,0,9.614,0,15.175,0,13.769,0,13.428
P41143,Q9UBT2,0.29,2.594,0,0.908,0,2.799,0,1.771
P41143,A0AVT1,0,2.8,0,1.386,0,1.341,0.003,1.573
P41143,Q5T6F2,0,2.382,0,2.442,0,2.81,0,2.913
P41143,Q14157,0,4.247,0,5.246,0,7.565,0,9.973
P41143,Q9Y385,0,0,0,0,0,0,0,1.624
P41143,P68036,0.001,1.397,0,2.73,0.008,2.796,0.006,4.83
P41143,Q9C0C9,0,5.954,0,4.544,0,6.316,0.001,10.09
P41143,Q05086,0,1.528,0.001,1.758,0,0,0,0.838
P41143,Q15386,0,2.983,0,1.65,0,1.014,0,1.886
P41143,Q9UHD9,0.371,9.921,0.125,5.068,0.527,13.109,0.607,12.627
P41143,Q5T4S7,0,4.183,0,4.476,0,4.672,0,4.738
P41143,O95071,0,0,0,0,0,1.674,0,0
P41143,O94888,0.12,8.477,0.098,7.538,0.053,6.893,0.142,7.804
P41143,Q9NYU2,0,2.119,0,2.097,0,1.918,0,2.419
P41143,Q9NYU1,0,1.797,0,0,0,1.733,0,0
P41143,Q96T88,0,2.904,0,2.837,0,3.102,0,3.301
P41143,Q6BDS2,0,0,0,0,0,1.704,0,1.78
P41143,A0JNW5,0.014,1.698,0.028,4.983,0.019,4.683,0.012,2.869
P41143,Q9H3U1,0,2.249,0,2.013,0,1.901,0,1.88
P41143,Q9C0B0,0.051,6.758,0.029,5.877,0.002,2.797,0,2.376
P41143,Q92900,0,16.845,0,27.205,0,43.13,0,66.502
P41143,Q16831,0,0.926,0,3.39,0,3.608,0,3.505
P41143,Q96BW1,0.005,5.257,0,5.532,0,5.729,0,5.885
P41143,P22695,0.027,4.065,0.091,3.973,0.028,4.334,0.001,3.143
P41143,O60287,0.333,6.338,0.333,4.31,0.333,5.885,0.333,6.019
P41143,O60763,0,3.264,0,3.265,0.004,4.024,0.011,4.48
P41143,Q14694,0,4.278,0,3.664,0,3.921,0,3.628
P41143,P54578,0,2.819,0,3.092,0,3.2,0,3.19
P41143,Q9Y4E8,0,0.868,0,0,0,1.627,0,3.099
P41143,C9JLJ4,0.001,1.928,0.005,3.989,0.013,4.72,0.05,5.09
P41143,O94966,0,2.832,0,2.946,0,2.891,0,2.718
P41143,Q9UPT9,0.055,4.841,0.029,2.174,0,3.721,0,1.723
P41143,Q9UPU5,0,3.48,0,3.862,0,4.375,0,3.802
P41143,Q96K76,0,2.554,0,2.968,0,2.586,0,3.198
P41143,P45974,0,2.457,0,2.454,0,2.34,0,2.725
P41143,Q93009,0,3.023,0,3.225,0,3.137,0,2.968
P41143,P40818,0.006,1.155,0,0,0,1.877,0,1.678
P41143,Q93008,0,58.311,0,106.966,0,148.29,0,284.751
P41143,P46939,0,6.774,0,5.024,0,4.028,0,2.26
P41143,Q08AM6,0.269,5.946,0,0,0.328,4.473,0.017,3.579
P41143,Q15836,0.091,4.2,0.663,6.277,0.976,9.04,0.405,4.53
P41143,P51809,0,0,0.314,5.879,0.188,6.976,0.368,6.674
P41143,Q9BV40,0.145,11.673,0.373,10.656,0.615,8.998,0.697,7.984
P41143,Q8TAA9,0,2.813,0,3.098,0,3.597,0,2.346
P41143,Q9P0L0,0.02,4.629,0.006,4.385,0.003,4.427,0.011,4.43
P41143,P26640,0,2.668,0,2.686,0,2.999,0,3.437
P41143,P18206,0,21.627,0,34.208,0,19.18,0,19.477
P41143,P55072,0,633.531,0,2751.126,0,15450.541,0,107075.336
P41143,P21796,0,2.971,0,2.611,0,1.255,0,2.614
P41143,P45880,0,17.153,0,32.673,0,27.576,0,46.556
P41143,Q9Y277,0,8.516,0,8.387,0,10.492,0,12.705
P41143,P08670,0,58.805,0,158.996,0,199.392,0,191.627
P41143,Q9H270,0,0,0.334,6.414,0.047,6.091,0.204,5.901
P41143,Q9H269,0,2.574,0.003,4.792,0.017,5.882,0.003,6.071
P41143,Q9P253,0.005,3.162,0.08,6.141,0.017,5.608,0.029,4.841
P41143,O75436,0,2.068,0,3.557,0,5.01,0,5.212
P41143,Q4G0F5,0,3.57,0.013,4.36,0.414,5.26,0.376,5.66
P41143,Q9UK41,0.005,3.007,0.004,3.102,0.058,4.375,0.012,3.993
P41143,Q9UBQ0,0,2.144,0.002,4.327,0.416,20.554,0.08,9.654
P41143,Q96QK1,0,4.547,0,16.397,0.007,116.848,0.004,136.14
P41143,Q8NEZ2,0,1.843,0,0,0,0,0,1.729
P41143,Q9H9H4,0,2.898,0,3.35,0,0.974,0.021,4.469
P41143,Q9NRW7,0,1.393,0.001,4.604,0.001,4.078,0,3.26
P41143,Q9UN37,0.333,2.127,0,0,0,0,0,0
P41143,Q9UID3,0.333,3.717,0.441,7.032,0.333,5.361,0.043,5.407
P41143,Q8N3P4,0.019,2.596,0.088,4.23,0.213,7.383,0.053,5.312
P41143,Q9NP79,0,2.723,0,2.734,0,3.107,0,3.222
P41143,Q9UEU0,0.014,4.41,0.011,4.303,0.004,3.474,0.008,5.193
P41143,Q7Z5K2,0,2.577,0,2.701,0,3.014,0,3.306
P41143,P23381,0,1.749,0,1.077,0.001,2.34,0.001,1.438
P41143,Q92558,0,2.294,0,2.797,0,0.932,0,1.009
P41143,Q9Y6W5,0,4.013,0,3.516,0,3.089,0,2.094
P41143,Q9UPY6,0,2.157,0,4.169,0,4.633,0,2.866
P41143,Q9NQA3,0.022,4.174,0.038,5.543,0.015,4.189,0.017,6.218
P41143,O00401,0.314,1.956,0.003,1.835,0,0,0.012,1.834
P41143,Q969T9,0,1.412,0.001,1.684,0.003,1.933,0.025,4.138
P41143,O75083,0,3.157,0,3.483,0,3.28,0,3.015
P41143,Q9BZH6,0,0,0,1.205,0,0,0,0.991
P41143,Q9H7D7,0,2.809,0,2.334,0,2.361,0,1.56
P41143,Q5MNZ6,0.02,3.588,0.005,4.525,0.023,4.518,0,1.481
P41143,Q9NNW5,0.323,1.966,0,0,0.333,3.55,0,0
P41143,O43379,0,2.208,0,0.758,0,1.371,0,1.356
P41143,Q9Y4E6,0,3.194,0,2.99,0,2.906,0,5.174
P41143,Q9BQA1,0,3.045,0,4.308,0,4.818,0,5.837
P41143,Q562E7,0,2.201,0,3.632,0,3.419,0,3.25
P41143,A4D1P6,0,2.231,0,2.441,0,2.587,0,3.166
P41143,Q9H4A3,0,2.731,0,3.107,0,3.047,0,3.498
P41143,Q96S55,0,4.046,0,2.028,0,3.1,0.001,2.199
P41143,Q6AWC2,0.001,3.533,0,3.411,0,3.581,0.001,3.522
P41143,O00308,0.211,5.059,0.104,3.485,0.336,12.402,0.805,15.055
P41143,Q5T750,0.659,7.363,0.333,3.295,0.333,2.352,0.543,3.687
P41143,O14980,0,8.288,0,8.92,0,10.532,0,12.824
P41143,Q9HAV4,0,3.644,0,5.089,0,5.438,0,4.911
P41143,O43592,0,2.694,0.001,3.175,0,3.388,0,1.893
P41143,Q9UBH6,0,4.146,0,2.437,0,4.29,0,4.12
P41143,P13010,0.115,4.17,0.04,3.42,0.084,3.572,0.011,2.815
P41143,Q8IZH2,0,2.915,0,1.539,0,2.986,0,1.687
P41143,Q9H0D6,0,3.905,0,3.431,0.013,4.392,0.016,4.623
P41143,P67809,0,2.464,0,2.881,0,3.06,0,3.61
P41143,P16989,0,0.798,0,1.568,0,1.895,0,1.721
P41143,P07947,0,3.803,0,3.284,0,3.281,0,1.536
P41143,Q969M3,0.047,2.96,0.027,4.053,0.001,3.189,0,1.577
P41143,Q9H6S0,0,2.423,0,2.109,0,2.803,0,2.319
P41143,Q9BYJ9,0.013,4.194,0.069,4.868,0.053,4.984,0.05,4.907
P41143,Q9Y5A9,0,4.661,0.001,5.809,0,5.235,0.001,5.484
P41143,Q7Z739,0.181,5.882,0,1.225,0,2.83,0,1.48
P41143,P31946,0,3.026,0,4.176,0,3.168,0,3.048
P41143,P62258,0,39.505,0,62.603,0,53.03,0,66.148
P41143,P61981,0,3.868,0,3.9,0,3.146,0,4.138
P41143,Q04917,0,2.586,0,2.558,0,2.023,0,2.223
P41143,P27348,0,5.921,0,6.813,0,4.799,0,7.678
P41143,P63104,0,17.788,0,31.435,0,25.816,0,25.663
P41143,O75152,0.039,3.597,0.041,3.781,0.03,2.129,0.024,1.626
P41143,Q8WU90,0.021,2.424,0.003,3.706,0,3.367,0,3.036
P41143,Q7Z2W4,0,7.642,0,9.435,0,12.635,0,15.462
P41143,Q5TAX3,0.005,3.371,0.002,3.307,0.001,1.795,0.008,3.319
P41143,Q6NZY4,0,1.125,0,1.387,0,1.427,0,0.883
P41143,Q9C0B5,0,2.98,0,3.056,0,2.268,0,1.303
P41143,P47974,0,2.218,0,1.337,0,1.456,0,2.392
P41143,Q96KR1,0,2.729,0,2.512,0,2.85,0,2.798
P41143,Q7Z3T8,0,8.443,0,24.038,0,91.024,0,43.789
P41143,Q9H1K0,0.052,2.691,0.657,7.233,0.106,5.715,0.022,4.983
P41143,O95405,0,2.056,0,2.888,0,4.57,0,3.476
P41143,Q5VUA4,0,1.198,0,4.067,0,2.557,0,4.548
P41143,Q5BKZ1,0,4.817,0,6.284,0,7.381,0,5.582
P41143,Q86UK7,0,3.809,0,3.503,0,3.444,0,3.87
P41143,Q14966,0,2.962,0,3.039,0,3.133,0.042,3.746
P41143,Q6ZN08,0,1.548,0.212,2.023,0.003,2.277,0.003,1.974
P41143,Q9UGI0,0.145,1.916,0.068,1.877,0.001,1.802,0,0
P41143,A7E2V4,0,4.048,0,4.222,0,4.028,0,3.75
P41143,O43264,0,3.188,0,2.763,0,3.386,0,3.025
P41143,Q15942,0,5.879,0,7.106,0,3.836,0,3.77
P41143,O43149,0,2.41,0,2.953,0,1.488,0,2.778
